Copyright 1986-2022 Xilinx, Inc. All Rights Reserved. Copyright 2022-2025 Advanced Micro Devices, Inc. All Rights Reserved.
--------------------------------------------------------------------------------------------------------------------------------------------------------------------------
| Tool Version : Vivado v.2025.2 (win64) Build 6299465 Fri Nov 14 19:35:11 GMT 2025
| Date         : Sat May 30 19:58:33 2026
| Host         : Shobha_devi1234 running 64-bit major release  (build 9200)
| Command      : report_methodology -file symmetricFIR_methodology_drc_routed.rpt -pb symmetricFIR_methodology_drc_routed.pb -rpx symmetricFIR_methodology_drc_routed.rpx
| Design       : symmetricFIR
| Device       : xc7a100tcsg324-1
| Speed File   : -1
| Design State : Fully Routed
--------------------------------------------------------------------------------------------------------------------------------------------------------------------------

Report Methodology

Table of Contents
-----------------
1. REPORT SUMMARY
2. REPORT DETAILS

1. REPORT SUMMARY
-----------------
            Netlist: netlist
          Floorplan: design_1
      Design limits: <entire design considered>
             Max checks: <unlimited>
             Checks found: 434
+-----------+------------------+-----------------------------+--------+
| Rule      | Severity         | Description                 | Checks |
+-----------+------------------+-----------------------------+--------+
| TIMING-17 | Critical Warning | Non-clocked sequential cell | 254    |
| DPIR-1    | Warning          | Asynchronous driver check   | 180    |
+-----------+------------------+-----------------------------+--------+

2. REPORT DETAILS
-----------------
TIMING-17#1 Critical Warning
Non-clocked sequential cell  
The clock pin coeff_array_index_reg[0]/C is not reached by a timing clock
Related violations: <none>

TIMING-17#2 Critical Warning
Non-clocked sequential cell  
The clock pin coeff_array_index_reg[1]/C is not reached by a timing clock
Related violations: <none>

TIMING-17#3 Critical Warning
Non-clocked sequential cell  
The clock pin coeff_array_index_reg[2]/C is not reached by a timing clock
Related violations: <none>

TIMING-17#4 Critical Warning
Non-clocked sequential cell  
The clock pin coeff_loaded_reg/C is not reached by a timing clock
Related violations: <none>

TIMING-17#5 Critical Warning
Non-clocked sequential cell  
The clock pin data_loaded_counter_reg[0]/C is not reached by a timing clock
Related violations: <none>

TIMING-17#6 Critical Warning
Non-clocked sequential cell  
The clock pin data_loaded_counter_reg[1]/C is not reached by a timing clock
Related violations: <none>

TIMING-17#7 Critical Warning
Non-clocked sequential cell  
The clock pin data_loaded_counter_reg[2]/C is not reached by a timing clock
Related violations: <none>

TIMING-17#8 Critical Warning
Non-clocked sequential cell  
The clock pin data_loaded_counter_reg[3]/C is not reached by a timing clock
Related violations: <none>

TIMING-17#9 Critical Warning
Non-clocked sequential cell  
The clock pin data_loaded_reg/C is not reached by a timing clock
Related violations: <none>

TIMING-17#10 Critical Warning
Non-clocked sequential cell  
The clock pin data_ready_counter_reg[0]/C is not reached by a timing clock
Related violations: <none>

TIMING-17#11 Critical Warning
Non-clocked sequential cell  
The clock pin data_ready_counter_reg[1]/C is not reached by a timing clock
Related violations: <none>

TIMING-17#12 Critical Warning
Non-clocked sequential cell  
The clock pin data_reg_reg[0][0]/C is not reached by a timing clock
Related violations: <none>

TIMING-17#13 Critical Warning
Non-clocked sequential cell  
The clock pin data_reg_reg[0][10]/C is not reached by a timing clock
Related violations: <none>

TIMING-17#14 Critical Warning
Non-clocked sequential cell  
The clock pin data_reg_reg[0][11]/C is not reached by a timing clock
Related violations: <none>

TIMING-17#15 Critical Warning
Non-clocked sequential cell  
The clock pin data_reg_reg[0][1]/C is not reached by a timing clock
Related violations: <none>

TIMING-17#16 Critical Warning
Non-clocked sequential cell  
The clock pin data_reg_reg[0][2]/C is not reached by a timing clock
Related violations: <none>

TIMING-17#17 Critical Warning
Non-clocked sequential cell  
The clock pin data_reg_reg[0][3]/C is not reached by a timing clock
Related violations: <none>

TIMING-17#18 Critical Warning
Non-clocked sequential cell  
The clock pin data_reg_reg[0][4]/C is not reached by a timing clock
Related violations: <none>

TIMING-17#19 Critical Warning
Non-clocked sequential cell  
The clock pin data_reg_reg[0][5]/C is not reached by a timing clock
Related violations: <none>

TIMING-17#20 Critical Warning
Non-clocked sequential cell  
The clock pin data_reg_reg[0][6]/C is not reached by a timing clock
Related violations: <none>

TIMING-17#21 Critical Warning
Non-clocked sequential cell  
The clock pin data_reg_reg[0][7]/C is not reached by a timing clock
Related violations: <none>

TIMING-17#22 Critical Warning
Non-clocked sequential cell  
The clock pin data_reg_reg[0][8]/C is not reached by a timing clock
Related violations: <none>

TIMING-17#23 Critical Warning
Non-clocked sequential cell  
The clock pin data_reg_reg[0][9]/C is not reached by a timing clock
Related violations: <none>

TIMING-17#24 Critical Warning
Non-clocked sequential cell  
The clock pin filtered_signal_reg[0]/C is not reached by a timing clock
Related violations: <none>

TIMING-17#25 Critical Warning
Non-clocked sequential cell  
The clock pin filtered_signal_reg[10]/C is not reached by a timing clock
Related violations: <none>

TIMING-17#26 Critical Warning
Non-clocked sequential cell  
The clock pin filtered_signal_reg[11]/C is not reached by a timing clock
Related violations: <none>

TIMING-17#27 Critical Warning
Non-clocked sequential cell  
The clock pin filtered_signal_reg[11]_i_248/C is not reached by a timing clock
Related violations: <none>

TIMING-17#28 Critical Warning
Non-clocked sequential cell  
The clock pin filtered_signal_reg[1]/C is not reached by a timing clock
Related violations: <none>

TIMING-17#29 Critical Warning
Non-clocked sequential cell  
The clock pin filtered_signal_reg[2]/C is not reached by a timing clock
Related violations: <none>

TIMING-17#30 Critical Warning
Non-clocked sequential cell  
The clock pin filtered_signal_reg[3]/C is not reached by a timing clock
Related violations: <none>

TIMING-17#31 Critical Warning
Non-clocked sequential cell  
The clock pin filtered_signal_reg[4]/C is not reached by a timing clock
Related violations: <none>

TIMING-17#32 Critical Warning
Non-clocked sequential cell  
The clock pin filtered_signal_reg[5]/C is not reached by a timing clock
Related violations: <none>

TIMING-17#33 Critical Warning
Non-clocked sequential cell  
The clock pin filtered_signal_reg[6]/C is not reached by a timing clock
Related violations: <none>

TIMING-17#34 Critical Warning
Non-clocked sequential cell  
The clock pin filtered_signal_reg[7]/C is not reached by a timing clock
Related violations: <none>

TIMING-17#35 Critical Warning
Non-clocked sequential cell  
The clock pin filtered_signal_reg[8]/C is not reached by a timing clock
Related violations: <none>

TIMING-17#36 Critical Warning
Non-clocked sequential cell  
The clock pin filtered_signal_reg[9]/C is not reached by a timing clock
Related violations: <none>

TIMING-17#37 Critical Warning
Non-clocked sequential cell  
The clock pin filtered_valid_reg/C is not reached by a timing clock
Related violations: <none>

TIMING-17#38 Critical Warning
Non-clocked sequential cell  
The clock pin fir_pipeline[0].stage1_add_reg_reg[0][0]/C is not reached by a timing clock
Related violations: <none>

TIMING-17#39 Critical Warning
Non-clocked sequential cell  
The clock pin fir_pipeline[0].stage1_add_reg_reg[0][10]/C is not reached by a timing clock
Related violations: <none>

TIMING-17#40 Critical Warning
Non-clocked sequential cell  
The clock pin fir_pipeline[0].stage1_add_reg_reg[0][11]/C is not reached by a timing clock
Related violations: <none>

TIMING-17#41 Critical Warning
Non-clocked sequential cell  
The clock pin fir_pipeline[0].stage1_add_reg_reg[0][12]/C is not reached by a timing clock
Related violations: <none>

TIMING-17#42 Critical Warning
Non-clocked sequential cell  
The clock pin fir_pipeline[0].stage1_add_reg_reg[0][1]/C is not reached by a timing clock
Related violations: <none>

TIMING-17#43 Critical Warning
Non-clocked sequential cell  
The clock pin fir_pipeline[0].stage1_add_reg_reg[0][2]/C is not reached by a timing clock
Related violations: <none>

TIMING-17#44 Critical Warning
Non-clocked sequential cell  
The clock pin fir_pipeline[0].stage1_add_reg_reg[0][3]/C is not reached by a timing clock
Related violations: <none>

TIMING-17#45 Critical Warning
Non-clocked sequential cell  
The clock pin fir_pipeline[0].stage1_add_reg_reg[0][4]/C is not reached by a timing clock
Related violations: <none>

TIMING-17#46 Critical Warning
Non-clocked sequential cell  
The clock pin fir_pipeline[0].stage1_add_reg_reg[0][5]/C is not reached by a timing clock
Related violations: <none>

TIMING-17#47 Critical Warning
Non-clocked sequential cell  
The clock pin fir_pipeline[0].stage1_add_reg_reg[0][6]/C is not reached by a timing clock
Related violations: <none>

TIMING-17#48 Critical Warning
Non-clocked sequential cell  
The clock pin fir_pipeline[0].stage1_add_reg_reg[0][7]/C is not reached by a timing clock
Related violations: <none>

TIMING-17#49 Critical Warning
Non-clocked sequential cell  
The clock pin fir_pipeline[0].stage1_add_reg_reg[0][8]/C is not reached by a timing clock
Related violations: <none>

TIMING-17#50 Critical Warning
Non-clocked sequential cell  
The clock pin fir_pipeline[0].stage1_add_reg_reg[0][9]/C is not reached by a timing clock
Related violations: <none>

TIMING-17#51 Critical Warning
Non-clocked sequential cell  
The clock pin fir_pipeline[1].stage1_add_reg_reg[1][0]/C is not reached by a timing clock
Related violations: <none>

TIMING-17#52 Critical Warning
Non-clocked sequential cell  
The clock pin fir_pipeline[1].stage1_add_reg_reg[1][10]/C is not reached by a timing clock
Related violations: <none>

TIMING-17#53 Critical Warning
Non-clocked sequential cell  
The clock pin fir_pipeline[1].stage1_add_reg_reg[1][11]/C is not reached by a timing clock
Related violations: <none>

TIMING-17#54 Critical Warning
Non-clocked sequential cell  
The clock pin fir_pipeline[1].stage1_add_reg_reg[1][12]/C is not reached by a timing clock
Related violations: <none>

TIMING-17#55 Critical Warning
Non-clocked sequential cell  
The clock pin fir_pipeline[1].stage1_add_reg_reg[1][1]/C is not reached by a timing clock
Related violations: <none>

TIMING-17#56 Critical Warning
Non-clocked sequential cell  
The clock pin fir_pipeline[1].stage1_add_reg_reg[1][2]/C is not reached by a timing clock
Related violations: <none>

TIMING-17#57 Critical Warning
Non-clocked sequential cell  
The clock pin fir_pipeline[1].stage1_add_reg_reg[1][3]/C is not reached by a timing clock
Related violations: <none>

TIMING-17#58 Critical Warning
Non-clocked sequential cell  
The clock pin fir_pipeline[1].stage1_add_reg_reg[1][4]/C is not reached by a timing clock
Related violations: <none>

TIMING-17#59 Critical Warning
Non-clocked sequential cell  
The clock pin fir_pipeline[1].stage1_add_reg_reg[1][5]/C is not reached by a timing clock
Related violations: <none>

TIMING-17#60 Critical Warning
Non-clocked sequential cell  
The clock pin fir_pipeline[1].stage1_add_reg_reg[1][6]/C is not reached by a timing clock
Related violations: <none>

TIMING-17#61 Critical Warning
Non-clocked sequential cell  
The clock pin fir_pipeline[1].stage1_add_reg_reg[1][7]/C is not reached by a timing clock
Related violations: <none>

TIMING-17#62 Critical Warning
Non-clocked sequential cell  
The clock pin fir_pipeline[1].stage1_add_reg_reg[1][8]/C is not reached by a timing clock
Related violations: <none>

TIMING-17#63 Critical Warning
Non-clocked sequential cell  
The clock pin fir_pipeline[1].stage1_add_reg_reg[1][9]/C is not reached by a timing clock
Related violations: <none>

TIMING-17#64 Critical Warning
Non-clocked sequential cell  
The clock pin fir_pipeline[2].stage1_add_reg_reg[2][0]/C is not reached by a timing clock
Related violations: <none>

TIMING-17#65 Critical Warning
Non-clocked sequential cell  
The clock pin fir_pipeline[2].stage1_add_reg_reg[2][10]/C is not reached by a timing clock
Related violations: <none>

TIMING-17#66 Critical Warning
Non-clocked sequential cell  
The clock pin fir_pipeline[2].stage1_add_reg_reg[2][11]/C is not reached by a timing clock
Related violations: <none>

TIMING-17#67 Critical Warning
Non-clocked sequential cell  
The clock pin fir_pipeline[2].stage1_add_reg_reg[2][12]/C is not reached by a timing clock
Related violations: <none>

TIMING-17#68 Critical Warning
Non-clocked sequential cell  
The clock pin fir_pipeline[2].stage1_add_reg_reg[2][1]/C is not reached by a timing clock
Related violations: <none>

TIMING-17#69 Critical Warning
Non-clocked sequential cell  
The clock pin fir_pipeline[2].stage1_add_reg_reg[2][2]/C is not reached by a timing clock
Related violations: <none>

TIMING-17#70 Critical Warning
Non-clocked sequential cell  
The clock pin fir_pipeline[2].stage1_add_reg_reg[2][3]/C is not reached by a timing clock
Related violations: <none>

TIMING-17#71 Critical Warning
Non-clocked sequential cell  
The clock pin fir_pipeline[2].stage1_add_reg_reg[2][4]/C is not reached by a timing clock
Related violations: <none>

TIMING-17#72 Critical Warning
Non-clocked sequential cell  
The clock pin fir_pipeline[2].stage1_add_reg_reg[2][5]/C is not reached by a timing clock
Related violations: <none>

TIMING-17#73 Critical Warning
Non-clocked sequential cell  
The clock pin fir_pipeline[2].stage1_add_reg_reg[2][6]/C is not reached by a timing clock
Related violations: <none>

TIMING-17#74 Critical Warning
Non-clocked sequential cell  
The clock pin fir_pipeline[2].stage1_add_reg_reg[2][7]/C is not reached by a timing clock
Related violations: <none>

TIMING-17#75 Critical Warning
Non-clocked sequential cell  
The clock pin fir_pipeline[2].stage1_add_reg_reg[2][8]/C is not reached by a timing clock
Related violations: <none>

TIMING-17#76 Critical Warning
Non-clocked sequential cell  
The clock pin fir_pipeline[2].stage1_add_reg_reg[2][9]/C is not reached by a timing clock
Related violations: <none>

TIMING-17#77 Critical Warning
Non-clocked sequential cell  
The clock pin fir_pipeline[3].stage1_add_reg_reg[3][0]/C is not reached by a timing clock
Related violations: <none>

TIMING-17#78 Critical Warning
Non-clocked sequential cell  
The clock pin fir_pipeline[3].stage1_add_reg_reg[3][10]/C is not reached by a timing clock
Related violations: <none>

TIMING-17#79 Critical Warning
Non-clocked sequential cell  
The clock pin fir_pipeline[3].stage1_add_reg_reg[3][11]/C is not reached by a timing clock
Related violations: <none>

TIMING-17#80 Critical Warning
Non-clocked sequential cell  
The clock pin fir_pipeline[3].stage1_add_reg_reg[3][12]/C is not reached by a timing clock
Related violations: <none>

TIMING-17#81 Critical Warning
Non-clocked sequential cell  
The clock pin fir_pipeline[3].stage1_add_reg_reg[3][1]/C is not reached by a timing clock
Related violations: <none>

TIMING-17#82 Critical Warning
Non-clocked sequential cell  
The clock pin fir_pipeline[3].stage1_add_reg_reg[3][2]/C is not reached by a timing clock
Related violations: <none>

TIMING-17#83 Critical Warning
Non-clocked sequential cell  
The clock pin fir_pipeline[3].stage1_add_reg_reg[3][3]/C is not reached by a timing clock
Related violations: <none>

TIMING-17#84 Critical Warning
Non-clocked sequential cell  
The clock pin fir_pipeline[3].stage1_add_reg_reg[3][4]/C is not reached by a timing clock
Related violations: <none>

TIMING-17#85 Critical Warning
Non-clocked sequential cell  
The clock pin fir_pipeline[3].stage1_add_reg_reg[3][5]/C is not reached by a timing clock
Related violations: <none>

TIMING-17#86 Critical Warning
Non-clocked sequential cell  
The clock pin fir_pipeline[3].stage1_add_reg_reg[3][6]/C is not reached by a timing clock
Related violations: <none>

TIMING-17#87 Critical Warning
Non-clocked sequential cell  
The clock pin fir_pipeline[3].stage1_add_reg_reg[3][7]/C is not reached by a timing clock
Related violations: <none>

TIMING-17#88 Critical Warning
Non-clocked sequential cell  
The clock pin fir_pipeline[3].stage1_add_reg_reg[3][8]/C is not reached by a timing clock
Related violations: <none>

TIMING-17#89 Critical Warning
Non-clocked sequential cell  
The clock pin fir_pipeline[3].stage1_add_reg_reg[3][9]/C is not reached by a timing clock
Related violations: <none>

TIMING-17#90 Critical Warning
Non-clocked sequential cell  
The clock pin fir_pipeline[4].stage1_add_reg_reg[4][0]/C is not reached by a timing clock
Related violations: <none>

TIMING-17#91 Critical Warning
Non-clocked sequential cell  
The clock pin fir_pipeline[4].stage1_add_reg_reg[4][10]/C is not reached by a timing clock
Related violations: <none>

TIMING-17#92 Critical Warning
Non-clocked sequential cell  
The clock pin fir_pipeline[4].stage1_add_reg_reg[4][11]/C is not reached by a timing clock
Related violations: <none>

TIMING-17#93 Critical Warning
Non-clocked sequential cell  
The clock pin fir_pipeline[4].stage1_add_reg_reg[4][12]/C is not reached by a timing clock
Related violations: <none>

TIMING-17#94 Critical Warning
Non-clocked sequential cell  
The clock pin fir_pipeline[4].stage1_add_reg_reg[4][1]/C is not reached by a timing clock
Related violations: <none>

TIMING-17#95 Critical Warning
Non-clocked sequential cell  
The clock pin fir_pipeline[4].stage1_add_reg_reg[4][2]/C is not reached by a timing clock
Related violations: <none>

TIMING-17#96 Critical Warning
Non-clocked sequential cell  
The clock pin fir_pipeline[4].stage1_add_reg_reg[4][3]/C is not reached by a timing clock
Related violations: <none>

TIMING-17#97 Critical Warning
Non-clocked sequential cell  
The clock pin fir_pipeline[4].stage1_add_reg_reg[4][4]/C is not reached by a timing clock
Related violations: <none>

TIMING-17#98 Critical Warning
Non-clocked sequential cell  
The clock pin fir_pipeline[4].stage1_add_reg_reg[4][5]/C is not reached by a timing clock
Related violations: <none>

TIMING-17#99 Critical Warning
Non-clocked sequential cell  
The clock pin fir_pipeline[4].stage1_add_reg_reg[4][6]/C is not reached by a timing clock
Related violations: <none>

TIMING-17#100 Critical Warning
Non-clocked sequential cell  
The clock pin fir_pipeline[4].stage1_add_reg_reg[4][7]/C is not reached by a timing clock
Related violations: <none>

TIMING-17#101 Critical Warning
Non-clocked sequential cell  
The clock pin fir_pipeline[4].stage1_add_reg_reg[4][8]/C is not reached by a timing clock
Related violations: <none>

TIMING-17#102 Critical Warning
Non-clocked sequential cell  
The clock pin fir_pipeline[4].stage1_add_reg_reg[4][9]/C is not reached by a timing clock
Related violations: <none>

TIMING-17#103 Critical Warning
Non-clocked sequential cell  
The clock pin fir_pipeline[5].stage1_add_reg_reg[5][0]/C is not reached by a timing clock
Related violations: <none>

TIMING-17#104 Critical Warning
Non-clocked sequential cell  
The clock pin fir_pipeline[5].stage1_add_reg_reg[5][10]/C is not reached by a timing clock
Related violations: <none>

TIMING-17#105 Critical Warning
Non-clocked sequential cell  
The clock pin fir_pipeline[5].stage1_add_reg_reg[5][11]/C is not reached by a timing clock
Related violations: <none>

TIMING-17#106 Critical Warning
Non-clocked sequential cell  
The clock pin fir_pipeline[5].stage1_add_reg_reg[5][12]/C is not reached by a timing clock
Related violations: <none>

TIMING-17#107 Critical Warning
Non-clocked sequential cell  
The clock pin fir_pipeline[5].stage1_add_reg_reg[5][1]/C is not reached by a timing clock
Related violations: <none>

TIMING-17#108 Critical Warning
Non-clocked sequential cell  
The clock pin fir_pipeline[5].stage1_add_reg_reg[5][2]/C is not reached by a timing clock
Related violations: <none>

TIMING-17#109 Critical Warning
Non-clocked sequential cell  
The clock pin fir_pipeline[5].stage1_add_reg_reg[5][3]/C is not reached by a timing clock
Related violations: <none>

TIMING-17#110 Critical Warning
Non-clocked sequential cell  
The clock pin fir_pipeline[5].stage1_add_reg_reg[5][4]/C is not reached by a timing clock
Related violations: <none>

TIMING-17#111 Critical Warning
Non-clocked sequential cell  
The clock pin fir_pipeline[5].stage1_add_reg_reg[5][5]/C is not reached by a timing clock
Related violations: <none>

TIMING-17#112 Critical Warning
Non-clocked sequential cell  
The clock pin fir_pipeline[5].stage1_add_reg_reg[5][6]/C is not reached by a timing clock
Related violations: <none>

TIMING-17#113 Critical Warning
Non-clocked sequential cell  
The clock pin fir_pipeline[5].stage1_add_reg_reg[5][7]/C is not reached by a timing clock
Related violations: <none>

TIMING-17#114 Critical Warning
Non-clocked sequential cell  
The clock pin fir_pipeline[5].stage1_add_reg_reg[5][8]/C is not reached by a timing clock
Related violations: <none>

TIMING-17#115 Critical Warning
Non-clocked sequential cell  
The clock pin fir_pipeline[5].stage1_add_reg_reg[5][9]/C is not reached by a timing clock
Related violations: <none>

TIMING-17#116 Critical Warning
Non-clocked sequential cell  
The clock pin p_0_out/CLK is not reached by a timing clock
Related violations: <none>

TIMING-17#117 Critical Warning
Non-clocked sequential cell  
The clock pin p_0_out__0/CLK is not reached by a timing clock
Related violations: <none>

TIMING-17#118 Critical Warning
Non-clocked sequential cell  
The clock pin p_0_out__1/CLK is not reached by a timing clock
Related violations: <none>

TIMING-17#119 Critical Warning
Non-clocked sequential cell  
The clock pin p_0_out__2/CLK is not reached by a timing clock
Related violations: <none>

TIMING-17#120 Critical Warning
Non-clocked sequential cell  
The clock pin p_0_out__3/CLK is not reached by a timing clock
Related violations: <none>

TIMING-17#121 Critical Warning
Non-clocked sequential cell  
The clock pin p_0_out__4/CLK is not reached by a timing clock
Related violations: <none>

TIMING-17#122 Critical Warning
Non-clocked sequential cell  
The clock pin pipeline_active_reg/C is not reached by a timing clock
Related violations: <none>

TIMING-17#123 Critical Warning
Non-clocked sequential cell  
The clock pin shift_reg[10].data_reg_reg[10][0]/C is not reached by a timing clock
Related violations: <none>

TIMING-17#124 Critical Warning
Non-clocked sequential cell  
The clock pin shift_reg[10].data_reg_reg[10][10]/C is not reached by a timing clock
Related violations: <none>

TIMING-17#125 Critical Warning
Non-clocked sequential cell  
The clock pin shift_reg[10].data_reg_reg[10][11]/C is not reached by a timing clock
Related violations: <none>

TIMING-17#126 Critical Warning
Non-clocked sequential cell  
The clock pin shift_reg[10].data_reg_reg[10][1]/C is not reached by a timing clock
Related violations: <none>

TIMING-17#127 Critical Warning
Non-clocked sequential cell  
The clock pin shift_reg[10].data_reg_reg[10][2]/C is not reached by a timing clock
Related violations: <none>

TIMING-17#128 Critical Warning
Non-clocked sequential cell  
The clock pin shift_reg[10].data_reg_reg[10][3]/C is not reached by a timing clock
Related violations: <none>

TIMING-17#129 Critical Warning
Non-clocked sequential cell  
The clock pin shift_reg[10].data_reg_reg[10][4]/C is not reached by a timing clock
Related violations: <none>

TIMING-17#130 Critical Warning
Non-clocked sequential cell  
The clock pin shift_reg[10].data_reg_reg[10][5]/C is not reached by a timing clock
Related violations: <none>

TIMING-17#131 Critical Warning
Non-clocked sequential cell  
The clock pin shift_reg[10].data_reg_reg[10][6]/C is not reached by a timing clock
Related violations: <none>

TIMING-17#132 Critical Warning
Non-clocked sequential cell  
The clock pin shift_reg[10].data_reg_reg[10][7]/C is not reached by a timing clock
Related violations: <none>

TIMING-17#133 Critical Warning
Non-clocked sequential cell  
The clock pin shift_reg[10].data_reg_reg[10][8]/C is not reached by a timing clock
Related violations: <none>

TIMING-17#134 Critical Warning
Non-clocked sequential cell  
The clock pin shift_reg[10].data_reg_reg[10][9]/C is not reached by a timing clock
Related violations: <none>

TIMING-17#135 Critical Warning
Non-clocked sequential cell  
The clock pin shift_reg[11].data_reg_reg[11][0]/C is not reached by a timing clock
Related violations: <none>

TIMING-17#136 Critical Warning
Non-clocked sequential cell  
The clock pin shift_reg[11].data_reg_reg[11][10]/C is not reached by a timing clock
Related violations: <none>

TIMING-17#137 Critical Warning
Non-clocked sequential cell  
The clock pin shift_reg[11].data_reg_reg[11][11]/C is not reached by a timing clock
Related violations: <none>

TIMING-17#138 Critical Warning
Non-clocked sequential cell  
The clock pin shift_reg[11].data_reg_reg[11][1]/C is not reached by a timing clock
Related violations: <none>

TIMING-17#139 Critical Warning
Non-clocked sequential cell  
The clock pin shift_reg[11].data_reg_reg[11][2]/C is not reached by a timing clock
Related violations: <none>

TIMING-17#140 Critical Warning
Non-clocked sequential cell  
The clock pin shift_reg[11].data_reg_reg[11][3]/C is not reached by a timing clock
Related violations: <none>

TIMING-17#141 Critical Warning
Non-clocked sequential cell  
The clock pin shift_reg[11].data_reg_reg[11][4]/C is not reached by a timing clock
Related violations: <none>

TIMING-17#142 Critical Warning
Non-clocked sequential cell  
The clock pin shift_reg[11].data_reg_reg[11][5]/C is not reached by a timing clock
Related violations: <none>

TIMING-17#143 Critical Warning
Non-clocked sequential cell  
The clock pin shift_reg[11].data_reg_reg[11][6]/C is not reached by a timing clock
Related violations: <none>

TIMING-17#144 Critical Warning
Non-clocked sequential cell  
The clock pin shift_reg[11].data_reg_reg[11][7]/C is not reached by a timing clock
Related violations: <none>

TIMING-17#145 Critical Warning
Non-clocked sequential cell  
The clock pin shift_reg[11].data_reg_reg[11][8]/C is not reached by a timing clock
Related violations: <none>

TIMING-17#146 Critical Warning
Non-clocked sequential cell  
The clock pin shift_reg[11].data_reg_reg[11][9]/C is not reached by a timing clock
Related violations: <none>

TIMING-17#147 Critical Warning
Non-clocked sequential cell  
The clock pin shift_reg[1].data_reg_reg[1][0]/C is not reached by a timing clock
Related violations: <none>

TIMING-17#148 Critical Warning
Non-clocked sequential cell  
The clock pin shift_reg[1].data_reg_reg[1][10]/C is not reached by a timing clock
Related violations: <none>

TIMING-17#149 Critical Warning
Non-clocked sequential cell  
The clock pin shift_reg[1].data_reg_reg[1][11]/C is not reached by a timing clock
Related violations: <none>

TIMING-17#150 Critical Warning
Non-clocked sequential cell  
The clock pin shift_reg[1].data_reg_reg[1][1]/C is not reached by a timing clock
Related violations: <none>

TIMING-17#151 Critical Warning
Non-clocked sequential cell  
The clock pin shift_reg[1].data_reg_reg[1][2]/C is not reached by a timing clock
Related violations: <none>

TIMING-17#152 Critical Warning
Non-clocked sequential cell  
The clock pin shift_reg[1].data_reg_reg[1][3]/C is not reached by a timing clock
Related violations: <none>

TIMING-17#153 Critical Warning
Non-clocked sequential cell  
The clock pin shift_reg[1].data_reg_reg[1][4]/C is not reached by a timing clock
Related violations: <none>

TIMING-17#154 Critical Warning
Non-clocked sequential cell  
The clock pin shift_reg[1].data_reg_reg[1][5]/C is not reached by a timing clock
Related violations: <none>

TIMING-17#155 Critical Warning
Non-clocked sequential cell  
The clock pin shift_reg[1].data_reg_reg[1][6]/C is not reached by a timing clock
Related violations: <none>

TIMING-17#156 Critical Warning
Non-clocked sequential cell  
The clock pin shift_reg[1].data_reg_reg[1][7]/C is not reached by a timing clock
Related violations: <none>

TIMING-17#157 Critical Warning
Non-clocked sequential cell  
The clock pin shift_reg[1].data_reg_reg[1][8]/C is not reached by a timing clock
Related violations: <none>

TIMING-17#158 Critical Warning
Non-clocked sequential cell  
The clock pin shift_reg[1].data_reg_reg[1][9]/C is not reached by a timing clock
Related violations: <none>

TIMING-17#159 Critical Warning
Non-clocked sequential cell  
The clock pin shift_reg[2].data_reg_reg[2][0]/C is not reached by a timing clock
Related violations: <none>

TIMING-17#160 Critical Warning
Non-clocked sequential cell  
The clock pin shift_reg[2].data_reg_reg[2][10]/C is not reached by a timing clock
Related violations: <none>

TIMING-17#161 Critical Warning
Non-clocked sequential cell  
The clock pin shift_reg[2].data_reg_reg[2][11]/C is not reached by a timing clock
Related violations: <none>

TIMING-17#162 Critical Warning
Non-clocked sequential cell  
The clock pin shift_reg[2].data_reg_reg[2][1]/C is not reached by a timing clock
Related violations: <none>

TIMING-17#163 Critical Warning
Non-clocked sequential cell  
The clock pin shift_reg[2].data_reg_reg[2][2]/C is not reached by a timing clock
Related violations: <none>

TIMING-17#164 Critical Warning
Non-clocked sequential cell  
The clock pin shift_reg[2].data_reg_reg[2][3]/C is not reached by a timing clock
Related violations: <none>

TIMING-17#165 Critical Warning
Non-clocked sequential cell  
The clock pin shift_reg[2].data_reg_reg[2][4]/C is not reached by a timing clock
Related violations: <none>

TIMING-17#166 Critical Warning
Non-clocked sequential cell  
The clock pin shift_reg[2].data_reg_reg[2][5]/C is not reached by a timing clock
Related violations: <none>

TIMING-17#167 Critical Warning
Non-clocked sequential cell  
The clock pin shift_reg[2].data_reg_reg[2][6]/C is not reached by a timing clock
Related violations: <none>

TIMING-17#168 Critical Warning
Non-clocked sequential cell  
The clock pin shift_reg[2].data_reg_reg[2][7]/C is not reached by a timing clock
Related violations: <none>

TIMING-17#169 Critical Warning
Non-clocked sequential cell  
The clock pin shift_reg[2].data_reg_reg[2][8]/C is not reached by a timing clock
Related violations: <none>

TIMING-17#170 Critical Warning
Non-clocked sequential cell  
The clock pin shift_reg[2].data_reg_reg[2][9]/C is not reached by a timing clock
Related violations: <none>

TIMING-17#171 Critical Warning
Non-clocked sequential cell  
The clock pin shift_reg[3].data_reg_reg[3][0]/C is not reached by a timing clock
Related violations: <none>

TIMING-17#172 Critical Warning
Non-clocked sequential cell  
The clock pin shift_reg[3].data_reg_reg[3][10]/C is not reached by a timing clock
Related violations: <none>

TIMING-17#173 Critical Warning
Non-clocked sequential cell  
The clock pin shift_reg[3].data_reg_reg[3][11]/C is not reached by a timing clock
Related violations: <none>

TIMING-17#174 Critical Warning
Non-clocked sequential cell  
The clock pin shift_reg[3].data_reg_reg[3][1]/C is not reached by a timing clock
Related violations: <none>

TIMING-17#175 Critical Warning
Non-clocked sequential cell  
The clock pin shift_reg[3].data_reg_reg[3][2]/C is not reached by a timing clock
Related violations: <none>

TIMING-17#176 Critical Warning
Non-clocked sequential cell  
The clock pin shift_reg[3].data_reg_reg[3][3]/C is not reached by a timing clock
Related violations: <none>

TIMING-17#177 Critical Warning
Non-clocked sequential cell  
The clock pin shift_reg[3].data_reg_reg[3][4]/C is not reached by a timing clock
Related violations: <none>

TIMING-17#178 Critical Warning
Non-clocked sequential cell  
The clock pin shift_reg[3].data_reg_reg[3][5]/C is not reached by a timing clock
Related violations: <none>

TIMING-17#179 Critical Warning
Non-clocked sequential cell  
The clock pin shift_reg[3].data_reg_reg[3][6]/C is not reached by a timing clock
Related violations: <none>

TIMING-17#180 Critical Warning
Non-clocked sequential cell  
The clock pin shift_reg[3].data_reg_reg[3][7]/C is not reached by a timing clock
Related violations: <none>

TIMING-17#181 Critical Warning
Non-clocked sequential cell  
The clock pin shift_reg[3].data_reg_reg[3][8]/C is not reached by a timing clock
Related violations: <none>

TIMING-17#182 Critical Warning
Non-clocked sequential cell  
The clock pin shift_reg[3].data_reg_reg[3][9]/C is not reached by a timing clock
Related violations: <none>

TIMING-17#183 Critical Warning
Non-clocked sequential cell  
The clock pin shift_reg[4].data_reg_reg[4][0]/C is not reached by a timing clock
Related violations: <none>

TIMING-17#184 Critical Warning
Non-clocked sequential cell  
The clock pin shift_reg[4].data_reg_reg[4][10]/C is not reached by a timing clock
Related violations: <none>

TIMING-17#185 Critical Warning
Non-clocked sequential cell  
The clock pin shift_reg[4].data_reg_reg[4][11]/C is not reached by a timing clock
Related violations: <none>

TIMING-17#186 Critical Warning
Non-clocked sequential cell  
The clock pin shift_reg[4].data_reg_reg[4][1]/C is not reached by a timing clock
Related violations: <none>

TIMING-17#187 Critical Warning
Non-clocked sequential cell  
The clock pin shift_reg[4].data_reg_reg[4][2]/C is not reached by a timing clock
Related violations: <none>

TIMING-17#188 Critical Warning
Non-clocked sequential cell  
The clock pin shift_reg[4].data_reg_reg[4][3]/C is not reached by a timing clock
Related violations: <none>

TIMING-17#189 Critical Warning
Non-clocked sequential cell  
The clock pin shift_reg[4].data_reg_reg[4][4]/C is not reached by a timing clock
Related violations: <none>

TIMING-17#190 Critical Warning
Non-clocked sequential cell  
The clock pin shift_reg[4].data_reg_reg[4][5]/C is not reached by a timing clock
Related violations: <none>

TIMING-17#191 Critical Warning
Non-clocked sequential cell  
The clock pin shift_reg[4].data_reg_reg[4][6]/C is not reached by a timing clock
Related violations: <none>

TIMING-17#192 Critical Warning
Non-clocked sequential cell  
The clock pin shift_reg[4].data_reg_reg[4][7]/C is not reached by a timing clock
Related violations: <none>

TIMING-17#193 Critical Warning
Non-clocked sequential cell  
The clock pin shift_reg[4].data_reg_reg[4][8]/C is not reached by a timing clock
Related violations: <none>

TIMING-17#194 Critical Warning
Non-clocked sequential cell  
The clock pin shift_reg[4].data_reg_reg[4][9]/C is not reached by a timing clock
Related violations: <none>

TIMING-17#195 Critical Warning
Non-clocked sequential cell  
The clock pin shift_reg[5].data_reg_reg[5][0]/C is not reached by a timing clock
Related violations: <none>

TIMING-17#196 Critical Warning
Non-clocked sequential cell  
The clock pin shift_reg[5].data_reg_reg[5][10]/C is not reached by a timing clock
Related violations: <none>

TIMING-17#197 Critical Warning
Non-clocked sequential cell  
The clock pin shift_reg[5].data_reg_reg[5][11]/C is not reached by a timing clock
Related violations: <none>

TIMING-17#198 Critical Warning
Non-clocked sequential cell  
The clock pin shift_reg[5].data_reg_reg[5][1]/C is not reached by a timing clock
Related violations: <none>

TIMING-17#199 Critical Warning
Non-clocked sequential cell  
The clock pin shift_reg[5].data_reg_reg[5][2]/C is not reached by a timing clock
Related violations: <none>

TIMING-17#200 Critical Warning
Non-clocked sequential cell  
The clock pin shift_reg[5].data_reg_reg[5][3]/C is not reached by a timing clock
Related violations: <none>

TIMING-17#201 Critical Warning
Non-clocked sequential cell  
The clock pin shift_reg[5].data_reg_reg[5][4]/C is not reached by a timing clock
Related violations: <none>

TIMING-17#202 Critical Warning
Non-clocked sequential cell  
The clock pin shift_reg[5].data_reg_reg[5][5]/C is not reached by a timing clock
Related violations: <none>

TIMING-17#203 Critical Warning
Non-clocked sequential cell  
The clock pin shift_reg[5].data_reg_reg[5][6]/C is not reached by a timing clock
Related violations: <none>

TIMING-17#204 Critical Warning
Non-clocked sequential cell  
The clock pin shift_reg[5].data_reg_reg[5][7]/C is not reached by a timing clock
Related violations: <none>

TIMING-17#205 Critical Warning
Non-clocked sequential cell  
The clock pin shift_reg[5].data_reg_reg[5][8]/C is not reached by a timing clock
Related violations: <none>

TIMING-17#206 Critical Warning
Non-clocked sequential cell  
The clock pin shift_reg[5].data_reg_reg[5][9]/C is not reached by a timing clock
Related violations: <none>

TIMING-17#207 Critical Warning
Non-clocked sequential cell  
The clock pin shift_reg[6].data_reg_reg[6][0]/C is not reached by a timing clock
Related violations: <none>

TIMING-17#208 Critical Warning
Non-clocked sequential cell  
The clock pin shift_reg[6].data_reg_reg[6][10]/C is not reached by a timing clock
Related violations: <none>

TIMING-17#209 Critical Warning
Non-clocked sequential cell  
The clock pin shift_reg[6].data_reg_reg[6][11]/C is not reached by a timing clock
Related violations: <none>

TIMING-17#210 Critical Warning
Non-clocked sequential cell  
The clock pin shift_reg[6].data_reg_reg[6][1]/C is not reached by a timing clock
Related violations: <none>

TIMING-17#211 Critical Warning
Non-clocked sequential cell  
The clock pin shift_reg[6].data_reg_reg[6][2]/C is not reached by a timing clock
Related violations: <none>

TIMING-17#212 Critical Warning
Non-clocked sequential cell  
The clock pin shift_reg[6].data_reg_reg[6][3]/C is not reached by a timing clock
Related violations: <none>

TIMING-17#213 Critical Warning
Non-clocked sequential cell  
The clock pin shift_reg[6].data_reg_reg[6][4]/C is not reached by a timing clock
Related violations: <none>

TIMING-17#214 Critical Warning
Non-clocked sequential cell  
The clock pin shift_reg[6].data_reg_reg[6][5]/C is not reached by a timing clock
Related violations: <none>

TIMING-17#215 Critical Warning
Non-clocked sequential cell  
The clock pin shift_reg[6].data_reg_reg[6][6]/C is not reached by a timing clock
Related violations: <none>

TIMING-17#216 Critical Warning
Non-clocked sequential cell  
The clock pin shift_reg[6].data_reg_reg[6][7]/C is not reached by a timing clock
Related violations: <none>

TIMING-17#217 Critical Warning
Non-clocked sequential cell  
The clock pin shift_reg[6].data_reg_reg[6][8]/C is not reached by a timing clock
Related violations: <none>

TIMING-17#218 Critical Warning
Non-clocked sequential cell  
The clock pin shift_reg[6].data_reg_reg[6][9]/C is not reached by a timing clock
Related violations: <none>

TIMING-17#219 Critical Warning
Non-clocked sequential cell  
The clock pin shift_reg[7].data_reg_reg[7][0]/C is not reached by a timing clock
Related violations: <none>

TIMING-17#220 Critical Warning
Non-clocked sequential cell  
The clock pin shift_reg[7].data_reg_reg[7][10]/C is not reached by a timing clock
Related violations: <none>

TIMING-17#221 Critical Warning
Non-clocked sequential cell  
The clock pin shift_reg[7].data_reg_reg[7][11]/C is not reached by a timing clock
Related violations: <none>

TIMING-17#222 Critical Warning
Non-clocked sequential cell  
The clock pin shift_reg[7].data_reg_reg[7][1]/C is not reached by a timing clock
Related violations: <none>

TIMING-17#223 Critical Warning
Non-clocked sequential cell  
The clock pin shift_reg[7].data_reg_reg[7][2]/C is not reached by a timing clock
Related violations: <none>

TIMING-17#224 Critical Warning
Non-clocked sequential cell  
The clock pin shift_reg[7].data_reg_reg[7][3]/C is not reached by a timing clock
Related violations: <none>

TIMING-17#225 Critical Warning
Non-clocked sequential cell  
The clock pin shift_reg[7].data_reg_reg[7][4]/C is not reached by a timing clock
Related violations: <none>

TIMING-17#226 Critical Warning
Non-clocked sequential cell  
The clock pin shift_reg[7].data_reg_reg[7][5]/C is not reached by a timing clock
Related violations: <none>

TIMING-17#227 Critical Warning
Non-clocked sequential cell  
The clock pin shift_reg[7].data_reg_reg[7][6]/C is not reached by a timing clock
Related violations: <none>

TIMING-17#228 Critical Warning
Non-clocked sequential cell  
The clock pin shift_reg[7].data_reg_reg[7][7]/C is not reached by a timing clock
Related violations: <none>

TIMING-17#229 Critical Warning
Non-clocked sequential cell  
The clock pin shift_reg[7].data_reg_reg[7][8]/C is not reached by a timing clock
Related violations: <none>

TIMING-17#230 Critical Warning
Non-clocked sequential cell  
The clock pin shift_reg[7].data_reg_reg[7][9]/C is not reached by a timing clock
Related violations: <none>

TIMING-17#231 Critical Warning
Non-clocked sequential cell  
The clock pin shift_reg[8].data_reg_reg[8][0]/C is not reached by a timing clock
Related violations: <none>

TIMING-17#232 Critical Warning
Non-clocked sequential cell  
The clock pin shift_reg[8].data_reg_reg[8][10]/C is not reached by a timing clock
Related violations: <none>

TIMING-17#233 Critical Warning
Non-clocked sequential cell  
The clock pin shift_reg[8].data_reg_reg[8][11]/C is not reached by a timing clock
Related violations: <none>

TIMING-17#234 Critical Warning
Non-clocked sequential cell  
The clock pin shift_reg[8].data_reg_reg[8][1]/C is not reached by a timing clock
Related violations: <none>

TIMING-17#235 Critical Warning
Non-clocked sequential cell  
The clock pin shift_reg[8].data_reg_reg[8][2]/C is not reached by a timing clock
Related violations: <none>

TIMING-17#236 Critical Warning
Non-clocked sequential cell  
The clock pin shift_reg[8].data_reg_reg[8][3]/C is not reached by a timing clock
Related violations: <none>

TIMING-17#237 Critical Warning
Non-clocked sequential cell  
The clock pin shift_reg[8].data_reg_reg[8][4]/C is not reached by a timing clock
Related violations: <none>

TIMING-17#238 Critical Warning
Non-clocked sequential cell  
The clock pin shift_reg[8].data_reg_reg[8][5]/C is not reached by a timing clock
Related violations: <none>

TIMING-17#239 Critical Warning
Non-clocked sequential cell  
The clock pin shift_reg[8].data_reg_reg[8][6]/C is not reached by a timing clock
Related violations: <none>

TIMING-17#240 Critical Warning
Non-clocked sequential cell  
The clock pin shift_reg[8].data_reg_reg[8][7]/C is not reached by a timing clock
Related violations: <none>

TIMING-17#241 Critical Warning
Non-clocked sequential cell  
The clock pin shift_reg[8].data_reg_reg[8][8]/C is not reached by a timing clock
Related violations: <none>

TIMING-17#242 Critical Warning
Non-clocked sequential cell  
The clock pin shift_reg[8].data_reg_reg[8][9]/C is not reached by a timing clock
Related violations: <none>

TIMING-17#243 Critical Warning
Non-clocked sequential cell  
The clock pin shift_reg[9].data_reg_reg[9][0]/C is not reached by a timing clock
Related violations: <none>

TIMING-17#244 Critical Warning
Non-clocked sequential cell  
The clock pin shift_reg[9].data_reg_reg[9][10]/C is not reached by a timing clock
Related violations: <none>

TIMING-17#245 Critical Warning
Non-clocked sequential cell  
The clock pin shift_reg[9].data_reg_reg[9][11]/C is not reached by a timing clock
Related violations: <none>

TIMING-17#246 Critical Warning
Non-clocked sequential cell  
The clock pin shift_reg[9].data_reg_reg[9][1]/C is not reached by a timing clock
Related violations: <none>

TIMING-17#247 Critical Warning
Non-clocked sequential cell  
The clock pin shift_reg[9].data_reg_reg[9][2]/C is not reached by a timing clock
Related violations: <none>

TIMING-17#248 Critical Warning
Non-clocked sequential cell  
The clock pin shift_reg[9].data_reg_reg[9][3]/C is not reached by a timing clock
Related violations: <none>

TIMING-17#249 Critical Warning
Non-clocked sequential cell  
The clock pin shift_reg[9].data_reg_reg[9][4]/C is not reached by a timing clock
Related violations: <none>

TIMING-17#250 Critical Warning
Non-clocked sequential cell  
The clock pin shift_reg[9].data_reg_reg[9][5]/C is not reached by a timing clock
Related violations: <none>

TIMING-17#251 Critical Warning
Non-clocked sequential cell  
The clock pin shift_reg[9].data_reg_reg[9][6]/C is not reached by a timing clock
Related violations: <none>

TIMING-17#252 Critical Warning
Non-clocked sequential cell  
The clock pin shift_reg[9].data_reg_reg[9][7]/C is not reached by a timing clock
Related violations: <none>

TIMING-17#253 Critical Warning
Non-clocked sequential cell  
The clock pin shift_reg[9].data_reg_reg[9][8]/C is not reached by a timing clock
Related violations: <none>

TIMING-17#254 Critical Warning
Non-clocked sequential cell  
The clock pin shift_reg[9].data_reg_reg[9][9]/C is not reached by a timing clock
Related violations: <none>

DPIR-1#1 Warning
Asynchronous driver check  
DSP p_0_out input pin p_0_out/A[0] is connected to registers with an asynchronous reset. This is preventing the possibility of merging these registers in to the DSP Block since the DSP block registers only possess synchronous reset capability.  It is suggested to recode or change these registers to remove the reset or use a synchronous reset to get the best optimization for performance, power and area.
Related violations: <none>

DPIR-1#2 Warning
Asynchronous driver check  
DSP p_0_out input pin p_0_out/A[10] is connected to registers with an asynchronous reset. This is preventing the possibility of merging these registers in to the DSP Block since the DSP block registers only possess synchronous reset capability.  It is suggested to recode or change these registers to remove the reset or use a synchronous reset to get the best optimization for performance, power and area.
Related violations: <none>

DPIR-1#3 Warning
Asynchronous driver check  
DSP p_0_out input pin p_0_out/A[11] is connected to registers with an asynchronous reset. This is preventing the possibility of merging these registers in to the DSP Block since the DSP block registers only possess synchronous reset capability.  It is suggested to recode or change these registers to remove the reset or use a synchronous reset to get the best optimization for performance, power and area.
Related violations: <none>

DPIR-1#4 Warning
Asynchronous driver check  
DSP p_0_out input pin p_0_out/A[12] is connected to registers with an asynchronous reset. This is preventing the possibility of merging these registers in to the DSP Block since the DSP block registers only possess synchronous reset capability.  It is suggested to recode or change these registers to remove the reset or use a synchronous reset to get the best optimization for performance, power and area.
Related violations: <none>

DPIR-1#5 Warning
Asynchronous driver check  
DSP p_0_out input pin p_0_out/A[13] is connected to registers with an asynchronous reset. This is preventing the possibility of merging these registers in to the DSP Block since the DSP block registers only possess synchronous reset capability.  It is suggested to recode or change these registers to remove the reset or use a synchronous reset to get the best optimization for performance, power and area.
Related violations: <none>

DPIR-1#6 Warning
Asynchronous driver check  
DSP p_0_out input pin p_0_out/A[14] is connected to registers with an asynchronous reset. This is preventing the possibility of merging these registers in to the DSP Block since the DSP block registers only possess synchronous reset capability.  It is suggested to recode or change these registers to remove the reset or use a synchronous reset to get the best optimization for performance, power and area.
Related violations: <none>

DPIR-1#7 Warning
Asynchronous driver check  
DSP p_0_out input pin p_0_out/A[15] is connected to registers with an asynchronous reset. This is preventing the possibility of merging these registers in to the DSP Block since the DSP block registers only possess synchronous reset capability.  It is suggested to recode or change these registers to remove the reset or use a synchronous reset to get the best optimization for performance, power and area.
Related violations: <none>

DPIR-1#8 Warning
Asynchronous driver check  
DSP p_0_out input pin p_0_out/A[16] is connected to registers with an asynchronous reset. This is preventing the possibility of merging these registers in to the DSP Block since the DSP block registers only possess synchronous reset capability.  It is suggested to recode or change these registers to remove the reset or use a synchronous reset to get the best optimization for performance, power and area.
Related violations: <none>

DPIR-1#9 Warning
Asynchronous driver check  
DSP p_0_out input pin p_0_out/A[17] is connected to registers with an asynchronous reset. This is preventing the possibility of merging these registers in to the DSP Block since the DSP block registers only possess synchronous reset capability.  It is suggested to recode or change these registers to remove the reset or use a synchronous reset to get the best optimization for performance, power and area.
Related violations: <none>

DPIR-1#10 Warning
Asynchronous driver check  
DSP p_0_out input pin p_0_out/A[18] is connected to registers with an asynchronous reset. This is preventing the possibility of merging these registers in to the DSP Block since the DSP block registers only possess synchronous reset capability.  It is suggested to recode or change these registers to remove the reset or use a synchronous reset to get the best optimization for performance, power and area.
Related violations: <none>

DPIR-1#11 Warning
Asynchronous driver check  
DSP p_0_out input pin p_0_out/A[19] is connected to registers with an asynchronous reset. This is preventing the possibility of merging these registers in to the DSP Block since the DSP block registers only possess synchronous reset capability.  It is suggested to recode or change these registers to remove the reset or use a synchronous reset to get the best optimization for performance, power and area.
Related violations: <none>

DPIR-1#12 Warning
Asynchronous driver check  
DSP p_0_out input pin p_0_out/A[1] is connected to registers with an asynchronous reset. This is preventing the possibility of merging these registers in to the DSP Block since the DSP block registers only possess synchronous reset capability.  It is suggested to recode or change these registers to remove the reset or use a synchronous reset to get the best optimization for performance, power and area.
Related violations: <none>

DPIR-1#13 Warning
Asynchronous driver check  
DSP p_0_out input pin p_0_out/A[20] is connected to registers with an asynchronous reset. This is preventing the possibility of merging these registers in to the DSP Block since the DSP block registers only possess synchronous reset capability.  It is suggested to recode or change these registers to remove the reset or use a synchronous reset to get the best optimization for performance, power and area.
Related violations: <none>

DPIR-1#14 Warning
Asynchronous driver check  
DSP p_0_out input pin p_0_out/A[21] is connected to registers with an asynchronous reset. This is preventing the possibility of merging these registers in to the DSP Block since the DSP block registers only possess synchronous reset capability.  It is suggested to recode or change these registers to remove the reset or use a synchronous reset to get the best optimization for performance, power and area.
Related violations: <none>

DPIR-1#15 Warning
Asynchronous driver check  
DSP p_0_out input pin p_0_out/A[22] is connected to registers with an asynchronous reset. This is preventing the possibility of merging these registers in to the DSP Block since the DSP block registers only possess synchronous reset capability.  It is suggested to recode or change these registers to remove the reset or use a synchronous reset to get the best optimization for performance, power and area.
Related violations: <none>

DPIR-1#16 Warning
Asynchronous driver check  
DSP p_0_out input pin p_0_out/A[23] is connected to registers with an asynchronous reset. This is preventing the possibility of merging these registers in to the DSP Block since the DSP block registers only possess synchronous reset capability.  It is suggested to recode or change these registers to remove the reset or use a synchronous reset to get the best optimization for performance, power and area.
Related violations: <none>

DPIR-1#17 Warning
Asynchronous driver check  
DSP p_0_out input pin p_0_out/A[24] is connected to registers with an asynchronous reset. This is preventing the possibility of merging these registers in to the DSP Block since the DSP block registers only possess synchronous reset capability.  It is suggested to recode or change these registers to remove the reset or use a synchronous reset to get the best optimization for performance, power and area.
Related violations: <none>

DPIR-1#18 Warning
Asynchronous driver check  
DSP p_0_out input pin p_0_out/A[25] is connected to registers with an asynchronous reset. This is preventing the possibility of merging these registers in to the DSP Block since the DSP block registers only possess synchronous reset capability.  It is suggested to recode or change these registers to remove the reset or use a synchronous reset to get the best optimization for performance, power and area.
Related violations: <none>

DPIR-1#19 Warning
Asynchronous driver check  
DSP p_0_out input pin p_0_out/A[26] is connected to registers with an asynchronous reset. This is preventing the possibility of merging these registers in to the DSP Block since the DSP block registers only possess synchronous reset capability.  It is suggested to recode or change these registers to remove the reset or use a synchronous reset to get the best optimization for performance, power and area.
Related violations: <none>

DPIR-1#20 Warning
Asynchronous driver check  
DSP p_0_out input pin p_0_out/A[27] is connected to registers with an asynchronous reset. This is preventing the possibility of merging these registers in to the DSP Block since the DSP block registers only possess synchronous reset capability.  It is suggested to recode or change these registers to remove the reset or use a synchronous reset to get the best optimization for performance, power and area.
Related violations: <none>

DPIR-1#21 Warning
Asynchronous driver check  
DSP p_0_out input pin p_0_out/A[28] is connected to registers with an asynchronous reset. This is preventing the possibility of merging these registers in to the DSP Block since the DSP block registers only possess synchronous reset capability.  It is suggested to recode or change these registers to remove the reset or use a synchronous reset to get the best optimization for performance, power and area.
Related violations: <none>

DPIR-1#22 Warning
Asynchronous driver check  
DSP p_0_out input pin p_0_out/A[29] is connected to registers with an asynchronous reset. This is preventing the possibility of merging these registers in to the DSP Block since the DSP block registers only possess synchronous reset capability.  It is suggested to recode or change these registers to remove the reset or use a synchronous reset to get the best optimization for performance, power and area.
Related violations: <none>

DPIR-1#23 Warning
Asynchronous driver check  
DSP p_0_out input pin p_0_out/A[2] is connected to registers with an asynchronous reset. This is preventing the possibility of merging these registers in to the DSP Block since the DSP block registers only possess synchronous reset capability.  It is suggested to recode or change these registers to remove the reset or use a synchronous reset to get the best optimization for performance, power and area.
Related violations: <none>

DPIR-1#24 Warning
Asynchronous driver check  
DSP p_0_out input pin p_0_out/A[3] is connected to registers with an asynchronous reset. This is preventing the possibility of merging these registers in to the DSP Block since the DSP block registers only possess synchronous reset capability.  It is suggested to recode or change these registers to remove the reset or use a synchronous reset to get the best optimization for performance, power and area.
Related violations: <none>

DPIR-1#25 Warning
Asynchronous driver check  
DSP p_0_out input pin p_0_out/A[4] is connected to registers with an asynchronous reset. This is preventing the possibility of merging these registers in to the DSP Block since the DSP block registers only possess synchronous reset capability.  It is suggested to recode or change these registers to remove the reset or use a synchronous reset to get the best optimization for performance, power and area.
Related violations: <none>

DPIR-1#26 Warning
Asynchronous driver check  
DSP p_0_out input pin p_0_out/A[5] is connected to registers with an asynchronous reset. This is preventing the possibility of merging these registers in to the DSP Block since the DSP block registers only possess synchronous reset capability.  It is suggested to recode or change these registers to remove the reset or use a synchronous reset to get the best optimization for performance, power and area.
Related violations: <none>

DPIR-1#27 Warning
Asynchronous driver check  
DSP p_0_out input pin p_0_out/A[6] is connected to registers with an asynchronous reset. This is preventing the possibility of merging these registers in to the DSP Block since the DSP block registers only possess synchronous reset capability.  It is suggested to recode or change these registers to remove the reset or use a synchronous reset to get the best optimization for performance, power and area.
Related violations: <none>

DPIR-1#28 Warning
Asynchronous driver check  
DSP p_0_out input pin p_0_out/A[7] is connected to registers with an asynchronous reset. This is preventing the possibility of merging these registers in to the DSP Block since the DSP block registers only possess synchronous reset capability.  It is suggested to recode or change these registers to remove the reset or use a synchronous reset to get the best optimization for performance, power and area.
Related violations: <none>

DPIR-1#29 Warning
Asynchronous driver check  
DSP p_0_out input pin p_0_out/A[8] is connected to registers with an asynchronous reset. This is preventing the possibility of merging these registers in to the DSP Block since the DSP block registers only possess synchronous reset capability.  It is suggested to recode or change these registers to remove the reset or use a synchronous reset to get the best optimization for performance, power and area.
Related violations: <none>

DPIR-1#30 Warning
Asynchronous driver check  
DSP p_0_out input pin p_0_out/A[9] is connected to registers with an asynchronous reset. This is preventing the possibility of merging these registers in to the DSP Block since the DSP block registers only possess synchronous reset capability.  It is suggested to recode or change these registers to remove the reset or use a synchronous reset to get the best optimization for performance, power and area.
Related violations: <none>

DPIR-1#31 Warning
Asynchronous driver check  
DSP p_0_out__0 input pin p_0_out__0/A[0] is connected to registers with an asynchronous reset. This is preventing the possibility of merging these registers in to the DSP Block since the DSP block registers only possess synchronous reset capability.  It is suggested to recode or change these registers to remove the reset or use a synchronous reset to get the best optimization for performance, power and area.
Related violations: <none>

DPIR-1#32 Warning
Asynchronous driver check  
DSP p_0_out__0 input pin p_0_out__0/A[10] is connected to registers with an asynchronous reset. This is preventing the possibility of merging these registers in to the DSP Block since the DSP block registers only possess synchronous reset capability.  It is suggested to recode or change these registers to remove the reset or use a synchronous reset to get the best optimization for performance, power and area.
Related violations: <none>

DPIR-1#33 Warning
Asynchronous driver check  
DSP p_0_out__0 input pin p_0_out__0/A[11] is connected to registers with an asynchronous reset. This is preventing the possibility of merging these registers in to the DSP Block since the DSP block registers only possess synchronous reset capability.  It is suggested to recode or change these registers to remove the reset or use a synchronous reset to get the best optimization for performance, power and area.
Related violations: <none>

DPIR-1#34 Warning
Asynchronous driver check  
DSP p_0_out__0 input pin p_0_out__0/A[12] is connected to registers with an asynchronous reset. This is preventing the possibility of merging these registers in to the DSP Block since the DSP block registers only possess synchronous reset capability.  It is suggested to recode or change these registers to remove the reset or use a synchronous reset to get the best optimization for performance, power and area.
Related violations: <none>

DPIR-1#35 Warning
Asynchronous driver check  
DSP p_0_out__0 input pin p_0_out__0/A[13] is connected to registers with an asynchronous reset. This is preventing the possibility of merging these registers in to the DSP Block since the DSP block registers only possess synchronous reset capability.  It is suggested to recode or change these registers to remove the reset or use a synchronous reset to get the best optimization for performance, power and area.
Related violations: <none>

DPIR-1#36 Warning
Asynchronous driver check  
DSP p_0_out__0 input pin p_0_out__0/A[14] is connected to registers with an asynchronous reset. This is preventing the possibility of merging these registers in to the DSP Block since the DSP block registers only possess synchronous reset capability.  It is suggested to recode or change these registers to remove the reset or use a synchronous reset to get the best optimization for performance, power and area.
Related violations: <none>

DPIR-1#37 Warning
Asynchronous driver check  
DSP p_0_out__0 input pin p_0_out__0/A[15] is connected to registers with an asynchronous reset. This is preventing the possibility of merging these registers in to the DSP Block since the DSP block registers only possess synchronous reset capability.  It is suggested to recode or change these registers to remove the reset or use a synchronous reset to get the best optimization for performance, power and area.
Related violations: <none>

DPIR-1#38 Warning
Asynchronous driver check  
DSP p_0_out__0 input pin p_0_out__0/A[16] is connected to registers with an asynchronous reset. This is preventing the possibility of merging these registers in to the DSP Block since the DSP block registers only possess synchronous reset capability.  It is suggested to recode or change these registers to remove the reset or use a synchronous reset to get the best optimization for performance, power and area.
Related violations: <none>

DPIR-1#39 Warning
Asynchronous driver check  
DSP p_0_out__0 input pin p_0_out__0/A[17] is connected to registers with an asynchronous reset. This is preventing the possibility of merging these registers in to the DSP Block since the DSP block registers only possess synchronous reset capability.  It is suggested to recode or change these registers to remove the reset or use a synchronous reset to get the best optimization for performance, power and area.
Related violations: <none>

DPIR-1#40 Warning
Asynchronous driver check  
DSP p_0_out__0 input pin p_0_out__0/A[18] is connected to registers with an asynchronous reset. This is preventing the possibility of merging these registers in to the DSP Block since the DSP block registers only possess synchronous reset capability.  It is suggested to recode or change these registers to remove the reset or use a synchronous reset to get the best optimization for performance, power and area.
Related violations: <none>

DPIR-1#41 Warning
Asynchronous driver check  
DSP p_0_out__0 input pin p_0_out__0/A[19] is connected to registers with an asynchronous reset. This is preventing the possibility of merging these registers in to the DSP Block since the DSP block registers only possess synchronous reset capability.  It is suggested to recode or change these registers to remove the reset or use a synchronous reset to get the best optimization for performance, power and area.
Related violations: <none>

DPIR-1#42 Warning
Asynchronous driver check  
DSP p_0_out__0 input pin p_0_out__0/A[1] is connected to registers with an asynchronous reset. This is preventing the possibility of merging these registers in to the DSP Block since the DSP block registers only possess synchronous reset capability.  It is suggested to recode or change these registers to remove the reset or use a synchronous reset to get the best optimization for performance, power and area.
Related violations: <none>

DPIR-1#43 Warning
Asynchronous driver check  
DSP p_0_out__0 input pin p_0_out__0/A[20] is connected to registers with an asynchronous reset. This is preventing the possibility of merging these registers in to the DSP Block since the DSP block registers only possess synchronous reset capability.  It is suggested to recode or change these registers to remove the reset or use a synchronous reset to get the best optimization for performance, power and area.
Related violations: <none>

DPIR-1#44 Warning
Asynchronous driver check  
DSP p_0_out__0 input pin p_0_out__0/A[21] is connected to registers with an asynchronous reset. This is preventing the possibility of merging these registers in to the DSP Block since the DSP block registers only possess synchronous reset capability.  It is suggested to recode or change these registers to remove the reset or use a synchronous reset to get the best optimization for performance, power and area.
Related violations: <none>

DPIR-1#45 Warning
Asynchronous driver check  
DSP p_0_out__0 input pin p_0_out__0/A[22] is connected to registers with an asynchronous reset. This is preventing the possibility of merging these registers in to the DSP Block since the DSP block registers only possess synchronous reset capability.  It is suggested to recode or change these registers to remove the reset or use a synchronous reset to get the best optimization for performance, power and area.
Related violations: <none>

DPIR-1#46 Warning
Asynchronous driver check  
DSP p_0_out__0 input pin p_0_out__0/A[23] is connected to registers with an asynchronous reset. This is preventing the possibility of merging these registers in to the DSP Block since the DSP block registers only possess synchronous reset capability.  It is suggested to recode or change these registers to remove the reset or use a synchronous reset to get the best optimization for performance, power and area.
Related violations: <none>

DPIR-1#47 Warning
Asynchronous driver check  
DSP p_0_out__0 input pin p_0_out__0/A[24] is connected to registers with an asynchronous reset. This is preventing the possibility of merging these registers in to the DSP Block since the DSP block registers only possess synchronous reset capability.  It is suggested to recode or change these registers to remove the reset or use a synchronous reset to get the best optimization for performance, power and area.
Related violations: <none>

DPIR-1#48 Warning
Asynchronous driver check  
DSP p_0_out__0 input pin p_0_out__0/A[25] is connected to registers with an asynchronous reset. This is preventing the possibility of merging these registers in to the DSP Block since the DSP block registers only possess synchronous reset capability.  It is suggested to recode or change these registers to remove the reset or use a synchronous reset to get the best optimization for performance, power and area.
Related violations: <none>

DPIR-1#49 Warning
Asynchronous driver check  
DSP p_0_out__0 input pin p_0_out__0/A[26] is connected to registers with an asynchronous reset. This is preventing the possibility of merging these registers in to the DSP Block since the DSP block registers only possess synchronous reset capability.  It is suggested to recode or change these registers to remove the reset or use a synchronous reset to get the best optimization for performance, power and area.
Related violations: <none>

DPIR-1#50 Warning
Asynchronous driver check  
DSP p_0_out__0 input pin p_0_out__0/A[27] is connected to registers with an asynchronous reset. This is preventing the possibility of merging these registers in to the DSP Block since the DSP block registers only possess synchronous reset capability.  It is suggested to recode or change these registers to remove the reset or use a synchronous reset to get the best optimization for performance, power and area.
Related violations: <none>

DPIR-1#51 Warning
Asynchronous driver check  
DSP p_0_out__0 input pin p_0_out__0/A[28] is connected to registers with an asynchronous reset. This is preventing the possibility of merging these registers in to the DSP Block since the DSP block registers only possess synchronous reset capability.  It is suggested to recode or change these registers to remove the reset or use a synchronous reset to get the best optimization for performance, power and area.
Related violations: <none>

DPIR-1#52 Warning
Asynchronous driver check  
DSP p_0_out__0 input pin p_0_out__0/A[29] is connected to registers with an asynchronous reset. This is preventing the possibility of merging these registers in to the DSP Block since the DSP block registers only possess synchronous reset capability.  It is suggested to recode or change these registers to remove the reset or use a synchronous reset to get the best optimization for performance, power and area.
Related violations: <none>

DPIR-1#53 Warning
Asynchronous driver check  
DSP p_0_out__0 input pin p_0_out__0/A[2] is connected to registers with an asynchronous reset. This is preventing the possibility of merging these registers in to the DSP Block since the DSP block registers only possess synchronous reset capability.  It is suggested to recode or change these registers to remove the reset or use a synchronous reset to get the best optimization for performance, power and area.
Related violations: <none>

DPIR-1#54 Warning
Asynchronous driver check  
DSP p_0_out__0 input pin p_0_out__0/A[3] is connected to registers with an asynchronous reset. This is preventing the possibility of merging these registers in to the DSP Block since the DSP block registers only possess synchronous reset capability.  It is suggested to recode or change these registers to remove the reset or use a synchronous reset to get the best optimization for performance, power and area.
Related violations: <none>

DPIR-1#55 Warning
Asynchronous driver check  
DSP p_0_out__0 input pin p_0_out__0/A[4] is connected to registers with an asynchronous reset. This is preventing the possibility of merging these registers in to the DSP Block since the DSP block registers only possess synchronous reset capability.  It is suggested to recode or change these registers to remove the reset or use a synchronous reset to get the best optimization for performance, power and area.
Related violations: <none>

DPIR-1#56 Warning
Asynchronous driver check  
DSP p_0_out__0 input pin p_0_out__0/A[5] is connected to registers with an asynchronous reset. This is preventing the possibility of merging these registers in to the DSP Block since the DSP block registers only possess synchronous reset capability.  It is suggested to recode or change these registers to remove the reset or use a synchronous reset to get the best optimization for performance, power and area.
Related violations: <none>

DPIR-1#57 Warning
Asynchronous driver check  
DSP p_0_out__0 input pin p_0_out__0/A[6] is connected to registers with an asynchronous reset. This is preventing the possibility of merging these registers in to the DSP Block since the DSP block registers only possess synchronous reset capability.  It is suggested to recode or change these registers to remove the reset or use a synchronous reset to get the best optimization for performance, power and area.
Related violations: <none>

DPIR-1#58 Warning
Asynchronous driver check  
DSP p_0_out__0 input pin p_0_out__0/A[7] is connected to registers with an asynchronous reset. This is preventing the possibility of merging these registers in to the DSP Block since the DSP block registers only possess synchronous reset capability.  It is suggested to recode or change these registers to remove the reset or use a synchronous reset to get the best optimization for performance, power and area.
Related violations: <none>

DPIR-1#59 Warning
Asynchronous driver check  
DSP p_0_out__0 input pin p_0_out__0/A[8] is connected to registers with an asynchronous reset. This is preventing the possibility of merging these registers in to the DSP Block since the DSP block registers only possess synchronous reset capability.  It is suggested to recode or change these registers to remove the reset or use a synchronous reset to get the best optimization for performance, power and area.
Related violations: <none>

DPIR-1#60 Warning
Asynchronous driver check  
DSP p_0_out__0 input pin p_0_out__0/A[9] is connected to registers with an asynchronous reset. This is preventing the possibility of merging these registers in to the DSP Block since the DSP block registers only possess synchronous reset capability.  It is suggested to recode or change these registers to remove the reset or use a synchronous reset to get the best optimization for performance, power and area.
Related violations: <none>

DPIR-1#61 Warning
Asynchronous driver check  
DSP p_0_out__1 input pin p_0_out__1/A[0] is connected to registers with an asynchronous reset. This is preventing the possibility of merging these registers in to the DSP Block since the DSP block registers only possess synchronous reset capability.  It is suggested to recode or change these registers to remove the reset or use a synchronous reset to get the best optimization for performance, power and area.
Related violations: <none>

DPIR-1#62 Warning
Asynchronous driver check  
DSP p_0_out__1 input pin p_0_out__1/A[10] is connected to registers with an asynchronous reset. This is preventing the possibility of merging these registers in to the DSP Block since the DSP block registers only possess synchronous reset capability.  It is suggested to recode or change these registers to remove the reset or use a synchronous reset to get the best optimization for performance, power and area.
Related violations: <none>

DPIR-1#63 Warning
Asynchronous driver check  
DSP p_0_out__1 input pin p_0_out__1/A[11] is connected to registers with an asynchronous reset. This is preventing the possibility of merging these registers in to the DSP Block since the DSP block registers only possess synchronous reset capability.  It is suggested to recode or change these registers to remove the reset or use a synchronous reset to get the best optimization for performance, power and area.
Related violations: <none>

DPIR-1#64 Warning
Asynchronous driver check  
DSP p_0_out__1 input pin p_0_out__1/A[12] is connected to registers with an asynchronous reset. This is preventing the possibility of merging these registers in to the DSP Block since the DSP block registers only possess synchronous reset capability.  It is suggested to recode or change these registers to remove the reset or use a synchronous reset to get the best optimization for performance, power and area.
Related violations: <none>

DPIR-1#65 Warning
Asynchronous driver check  
DSP p_0_out__1 input pin p_0_out__1/A[13] is connected to registers with an asynchronous reset. This is preventing the possibility of merging these registers in to the DSP Block since the DSP block registers only possess synchronous reset capability.  It is suggested to recode or change these registers to remove the reset or use a synchronous reset to get the best optimization for performance, power and area.
Related violations: <none>

DPIR-1#66 Warning
Asynchronous driver check  
DSP p_0_out__1 input pin p_0_out__1/A[14] is connected to registers with an asynchronous reset. This is preventing the possibility of merging these registers in to the DSP Block since the DSP block registers only possess synchronous reset capability.  It is suggested to recode or change these registers to remove the reset or use a synchronous reset to get the best optimization for performance, power and area.
Related violations: <none>

DPIR-1#67 Warning
Asynchronous driver check  
DSP p_0_out__1 input pin p_0_out__1/A[15] is connected to registers with an asynchronous reset. This is preventing the possibility of merging these registers in to the DSP Block since the DSP block registers only possess synchronous reset capability.  It is suggested to recode or change these registers to remove the reset or use a synchronous reset to get the best optimization for performance, power and area.
Related violations: <none>

DPIR-1#68 Warning
Asynchronous driver check  
DSP p_0_out__1 input pin p_0_out__1/A[16] is connected to registers with an asynchronous reset. This is preventing the possibility of merging these registers in to the DSP Block since the DSP block registers only possess synchronous reset capability.  It is suggested to recode or change these registers to remove the reset or use a synchronous reset to get the best optimization for performance, power and area.
Related violations: <none>

DPIR-1#69 Warning
Asynchronous driver check  
DSP p_0_out__1 input pin p_0_out__1/A[17] is connected to registers with an asynchronous reset. This is preventing the possibility of merging these registers in to the DSP Block since the DSP block registers only possess synchronous reset capability.  It is suggested to recode or change these registers to remove the reset or use a synchronous reset to get the best optimization for performance, power and area.
Related violations: <none>

DPIR-1#70 Warning
Asynchronous driver check  
DSP p_0_out__1 input pin p_0_out__1/A[18] is connected to registers with an asynchronous reset. This is preventing the possibility of merging these registers in to the DSP Block since the DSP block registers only possess synchronous reset capability.  It is suggested to recode or change these registers to remove the reset or use a synchronous reset to get the best optimization for performance, power and area.
Related violations: <none>

DPIR-1#71 Warning
Asynchronous driver check  
DSP p_0_out__1 input pin p_0_out__1/A[19] is connected to registers with an asynchronous reset. This is preventing the possibility of merging these registers in to the DSP Block since the DSP block registers only possess synchronous reset capability.  It is suggested to recode or change these registers to remove the reset or use a synchronous reset to get the best optimization for performance, power and area.
Related violations: <none>

DPIR-1#72 Warning
Asynchronous driver check  
DSP p_0_out__1 input pin p_0_out__1/A[1] is connected to registers with an asynchronous reset. This is preventing the possibility of merging these registers in to the DSP Block since the DSP block registers only possess synchronous reset capability.  It is suggested to recode or change these registers to remove the reset or use a synchronous reset to get the best optimization for performance, power and area.
Related violations: <none>

DPIR-1#73 Warning
Asynchronous driver check  
DSP p_0_out__1 input pin p_0_out__1/A[20] is connected to registers with an asynchronous reset. This is preventing the possibility of merging these registers in to the DSP Block since the DSP block registers only possess synchronous reset capability.  It is suggested to recode or change these registers to remove the reset or use a synchronous reset to get the best optimization for performance, power and area.
Related violations: <none>

DPIR-1#74 Warning
Asynchronous driver check  
DSP p_0_out__1 input pin p_0_out__1/A[21] is connected to registers with an asynchronous reset. This is preventing the possibility of merging these registers in to the DSP Block since the DSP block registers only possess synchronous reset capability.  It is suggested to recode or change these registers to remove the reset or use a synchronous reset to get the best optimization for performance, power and area.
Related violations: <none>

DPIR-1#75 Warning
Asynchronous driver check  
DSP p_0_out__1 input pin p_0_out__1/A[22] is connected to registers with an asynchronous reset. This is preventing the possibility of merging these registers in to the DSP Block since the DSP block registers only possess synchronous reset capability.  It is suggested to recode or change these registers to remove the reset or use a synchronous reset to get the best optimization for performance, power and area.
Related violations: <none>

DPIR-1#76 Warning
Asynchronous driver check  
DSP p_0_out__1 input pin p_0_out__1/A[23] is connected to registers with an asynchronous reset. This is preventing the possibility of merging these registers in to the DSP Block since the DSP block registers only possess synchronous reset capability.  It is suggested to recode or change these registers to remove the reset or use a synchronous reset to get the best optimization for performance, power and area.
Related violations: <none>

DPIR-1#77 Warning
Asynchronous driver check  
DSP p_0_out__1 input pin p_0_out__1/A[24] is connected to registers with an asynchronous reset. This is preventing the possibility of merging these registers in to the DSP Block since the DSP block registers only possess synchronous reset capability.  It is suggested to recode or change these registers to remove the reset or use a synchronous reset to get the best optimization for performance, power and area.
Related violations: <none>

DPIR-1#78 Warning
Asynchronous driver check  
DSP p_0_out__1 input pin p_0_out__1/A[25] is connected to registers with an asynchronous reset. This is preventing the possibility of merging these registers in to the DSP Block since the DSP block registers only possess synchronous reset capability.  It is suggested to recode or change these registers to remove the reset or use a synchronous reset to get the best optimization for performance, power and area.
Related violations: <none>

DPIR-1#79 Warning
Asynchronous driver check  
DSP p_0_out__1 input pin p_0_out__1/A[26] is connected to registers with an asynchronous reset. This is preventing the possibility of merging these registers in to the DSP Block since the DSP block registers only possess synchronous reset capability.  It is suggested to recode or change these registers to remove the reset or use a synchronous reset to get the best optimization for performance, power and area.
Related violations: <none>

DPIR-1#80 Warning
Asynchronous driver check  
DSP p_0_out__1 input pin p_0_out__1/A[27] is connected to registers with an asynchronous reset. This is preventing the possibility of merging these registers in to the DSP Block since the DSP block registers only possess synchronous reset capability.  It is suggested to recode or change these registers to remove the reset or use a synchronous reset to get the best optimization for performance, power and area.
Related violations: <none>

DPIR-1#81 Warning
Asynchronous driver check  
DSP p_0_out__1 input pin p_0_out__1/A[28] is connected to registers with an asynchronous reset. This is preventing the possibility of merging these registers in to the DSP Block since the DSP block registers only possess synchronous reset capability.  It is suggested to recode or change these registers to remove the reset or use a synchronous reset to get the best optimization for performance, power and area.
Related violations: <none>

DPIR-1#82 Warning
Asynchronous driver check  
DSP p_0_out__1 input pin p_0_out__1/A[29] is connected to registers with an asynchronous reset. This is preventing the possibility of merging these registers in to the DSP Block since the DSP block registers only possess synchronous reset capability.  It is suggested to recode or change these registers to remove the reset or use a synchronous reset to get the best optimization for performance, power and area.
Related violations: <none>

DPIR-1#83 Warning
Asynchronous driver check  
DSP p_0_out__1 input pin p_0_out__1/A[2] is connected to registers with an asynchronous reset. This is preventing the possibility of merging these registers in to the DSP Block since the DSP block registers only possess synchronous reset capability.  It is suggested to recode or change these registers to remove the reset or use a synchronous reset to get the best optimization for performance, power and area.
Related violations: <none>

DPIR-1#84 Warning
Asynchronous driver check  
DSP p_0_out__1 input pin p_0_out__1/A[3] is connected to registers with an asynchronous reset. This is preventing the possibility of merging these registers in to the DSP Block since the DSP block registers only possess synchronous reset capability.  It is suggested to recode or change these registers to remove the reset or use a synchronous reset to get the best optimization for performance, power and area.
Related violations: <none>

DPIR-1#85 Warning
Asynchronous driver check  
DSP p_0_out__1 input pin p_0_out__1/A[4] is connected to registers with an asynchronous reset. This is preventing the possibility of merging these registers in to the DSP Block since the DSP block registers only possess synchronous reset capability.  It is suggested to recode or change these registers to remove the reset or use a synchronous reset to get the best optimization for performance, power and area.
Related violations: <none>

DPIR-1#86 Warning
Asynchronous driver check  
DSP p_0_out__1 input pin p_0_out__1/A[5] is connected to registers with an asynchronous reset. This is preventing the possibility of merging these registers in to the DSP Block since the DSP block registers only possess synchronous reset capability.  It is suggested to recode or change these registers to remove the reset or use a synchronous reset to get the best optimization for performance, power and area.
Related violations: <none>

DPIR-1#87 Warning
Asynchronous driver check  
DSP p_0_out__1 input pin p_0_out__1/A[6] is connected to registers with an asynchronous reset. This is preventing the possibility of merging these registers in to the DSP Block since the DSP block registers only possess synchronous reset capability.  It is suggested to recode or change these registers to remove the reset or use a synchronous reset to get the best optimization for performance, power and area.
Related violations: <none>

DPIR-1#88 Warning
Asynchronous driver check  
DSP p_0_out__1 input pin p_0_out__1/A[7] is connected to registers with an asynchronous reset. This is preventing the possibility of merging these registers in to the DSP Block since the DSP block registers only possess synchronous reset capability.  It is suggested to recode or change these registers to remove the reset or use a synchronous reset to get the best optimization for performance, power and area.
Related violations: <none>

DPIR-1#89 Warning
Asynchronous driver check  
DSP p_0_out__1 input pin p_0_out__1/A[8] is connected to registers with an asynchronous reset. This is preventing the possibility of merging these registers in to the DSP Block since the DSP block registers only possess synchronous reset capability.  It is suggested to recode or change these registers to remove the reset or use a synchronous reset to get the best optimization for performance, power and area.
Related violations: <none>

DPIR-1#90 Warning
Asynchronous driver check  
DSP p_0_out__1 input pin p_0_out__1/A[9] is connected to registers with an asynchronous reset. This is preventing the possibility of merging these registers in to the DSP Block since the DSP block registers only possess synchronous reset capability.  It is suggested to recode or change these registers to remove the reset or use a synchronous reset to get the best optimization for performance, power and area.
Related violations: <none>

DPIR-1#91 Warning
Asynchronous driver check  
DSP p_0_out__2 input pin p_0_out__2/A[0] is connected to registers with an asynchronous reset. This is preventing the possibility of merging these registers in to the DSP Block since the DSP block registers only possess synchronous reset capability.  It is suggested to recode or change these registers to remove the reset or use a synchronous reset to get the best optimization for performance, power and area.
Related violations: <none>

DPIR-1#92 Warning
Asynchronous driver check  
DSP p_0_out__2 input pin p_0_out__2/A[10] is connected to registers with an asynchronous reset. This is preventing the possibility of merging these registers in to the DSP Block since the DSP block registers only possess synchronous reset capability.  It is suggested to recode or change these registers to remove the reset or use a synchronous reset to get the best optimization for performance, power and area.
Related violations: <none>

DPIR-1#93 Warning
Asynchronous driver check  
DSP p_0_out__2 input pin p_0_out__2/A[11] is connected to registers with an asynchronous reset. This is preventing the possibility of merging these registers in to the DSP Block since the DSP block registers only possess synchronous reset capability.  It is suggested to recode or change these registers to remove the reset or use a synchronous reset to get the best optimization for performance, power and area.
Related violations: <none>

DPIR-1#94 Warning
Asynchronous driver check  
DSP p_0_out__2 input pin p_0_out__2/A[12] is connected to registers with an asynchronous reset. This is preventing the possibility of merging these registers in to the DSP Block since the DSP block registers only possess synchronous reset capability.  It is suggested to recode or change these registers to remove the reset or use a synchronous reset to get the best optimization for performance, power and area.
Related violations: <none>

DPIR-1#95 Warning
Asynchronous driver check  
DSP p_0_out__2 input pin p_0_out__2/A[13] is connected to registers with an asynchronous reset. This is preventing the possibility of merging these registers in to the DSP Block since the DSP block registers only possess synchronous reset capability.  It is suggested to recode or change these registers to remove the reset or use a synchronous reset to get the best optimization for performance, power and area.
Related violations: <none>

DPIR-1#96 Warning
Asynchronous driver check  
DSP p_0_out__2 input pin p_0_out__2/A[14] is connected to registers with an asynchronous reset. This is preventing the possibility of merging these registers in to the DSP Block since the DSP block registers only possess synchronous reset capability.  It is suggested to recode or change these registers to remove the reset or use a synchronous reset to get the best optimization for performance, power and area.
Related violations: <none>

DPIR-1#97 Warning
Asynchronous driver check  
DSP p_0_out__2 input pin p_0_out__2/A[15] is connected to registers with an asynchronous reset. This is preventing the possibility of merging these registers in to the DSP Block since the DSP block registers only possess synchronous reset capability.  It is suggested to recode or change these registers to remove the reset or use a synchronous reset to get the best optimization for performance, power and area.
Related violations: <none>

DPIR-1#98 Warning
Asynchronous driver check  
DSP p_0_out__2 input pin p_0_out__2/A[16] is connected to registers with an asynchronous reset. This is preventing the possibility of merging these registers in to the DSP Block since the DSP block registers only possess synchronous reset capability.  It is suggested to recode or change these registers to remove the reset or use a synchronous reset to get the best optimization for performance, power and area.
Related violations: <none>

DPIR-1#99 Warning
Asynchronous driver check  
DSP p_0_out__2 input pin p_0_out__2/A[17] is connected to registers with an asynchronous reset. This is preventing the possibility of merging these registers in to the DSP Block since the DSP block registers only possess synchronous reset capability.  It is suggested to recode or change these registers to remove the reset or use a synchronous reset to get the best optimization for performance, power and area.
Related violations: <none>

DPIR-1#100 Warning
Asynchronous driver check  
DSP p_0_out__2 input pin p_0_out__2/A[18] is connected to registers with an asynchronous reset. This is preventing the possibility of merging these registers in to the DSP Block since the DSP block registers only possess synchronous reset capability.  It is suggested to recode or change these registers to remove the reset or use a synchronous reset to get the best optimization for performance, power and area.
Related violations: <none>

DPIR-1#101 Warning
Asynchronous driver check  
DSP p_0_out__2 input pin p_0_out__2/A[19] is connected to registers with an asynchronous reset. This is preventing the possibility of merging these registers in to the DSP Block since the DSP block registers only possess synchronous reset capability.  It is suggested to recode or change these registers to remove the reset or use a synchronous reset to get the best optimization for performance, power and area.
Related violations: <none>

DPIR-1#102 Warning
Asynchronous driver check  
DSP p_0_out__2 input pin p_0_out__2/A[1] is connected to registers with an asynchronous reset. This is preventing the possibility of merging these registers in to the DSP Block since the DSP block registers only possess synchronous reset capability.  It is suggested to recode or change these registers to remove the reset or use a synchronous reset to get the best optimization for performance, power and area.
Related violations: <none>

DPIR-1#103 Warning
Asynchronous driver check  
DSP p_0_out__2 input pin p_0_out__2/A[20] is connected to registers with an asynchronous reset. This is preventing the possibility of merging these registers in to the DSP Block since the DSP block registers only possess synchronous reset capability.  It is suggested to recode or change these registers to remove the reset or use a synchronous reset to get the best optimization for performance, power and area.
Related violations: <none>

DPIR-1#104 Warning
Asynchronous driver check  
DSP p_0_out__2 input pin p_0_out__2/A[21] is connected to registers with an asynchronous reset. This is preventing the possibility of merging these registers in to the DSP Block since the DSP block registers only possess synchronous reset capability.  It is suggested to recode or change these registers to remove the reset or use a synchronous reset to get the best optimization for performance, power and area.
Related violations: <none>

DPIR-1#105 Warning
Asynchronous driver check  
DSP p_0_out__2 input pin p_0_out__2/A[22] is connected to registers with an asynchronous reset. This is preventing the possibility of merging these registers in to the DSP Block since the DSP block registers only possess synchronous reset capability.  It is suggested to recode or change these registers to remove the reset or use a synchronous reset to get the best optimization for performance, power and area.
Related violations: <none>

DPIR-1#106 Warning
Asynchronous driver check  
DSP p_0_out__2 input pin p_0_out__2/A[23] is connected to registers with an asynchronous reset. This is preventing the possibility of merging these registers in to the DSP Block since the DSP block registers only possess synchronous reset capability.  It is suggested to recode or change these registers to remove the reset or use a synchronous reset to get the best optimization for performance, power and area.
Related violations: <none>

DPIR-1#107 Warning
Asynchronous driver check  
DSP p_0_out__2 input pin p_0_out__2/A[24] is connected to registers with an asynchronous reset. This is preventing the possibility of merging these registers in to the DSP Block since the DSP block registers only possess synchronous reset capability.  It is suggested to recode or change these registers to remove the reset or use a synchronous reset to get the best optimization for performance, power and area.
Related violations: <none>

DPIR-1#108 Warning
Asynchronous driver check  
DSP p_0_out__2 input pin p_0_out__2/A[25] is connected to registers with an asynchronous reset. This is preventing the possibility of merging these registers in to the DSP Block since the DSP block registers only possess synchronous reset capability.  It is suggested to recode or change these registers to remove the reset or use a synchronous reset to get the best optimization for performance, power and area.
Related violations: <none>

DPIR-1#109 Warning
Asynchronous driver check  
DSP p_0_out__2 input pin p_0_out__2/A[26] is connected to registers with an asynchronous reset. This is preventing the possibility of merging these registers in to the DSP Block since the DSP block registers only possess synchronous reset capability.  It is suggested to recode or change these registers to remove the reset or use a synchronous reset to get the best optimization for performance, power and area.
Related violations: <none>

DPIR-1#110 Warning
Asynchronous driver check  
DSP p_0_out__2 input pin p_0_out__2/A[27] is connected to registers with an asynchronous reset. This is preventing the possibility of merging these registers in to the DSP Block since the DSP block registers only possess synchronous reset capability.  It is suggested to recode or change these registers to remove the reset or use a synchronous reset to get the best optimization for performance, power and area.
Related violations: <none>

DPIR-1#111 Warning
Asynchronous driver check  
DSP p_0_out__2 input pin p_0_out__2/A[28] is connected to registers with an asynchronous reset. This is preventing the possibility of merging these registers in to the DSP Block since the DSP block registers only possess synchronous reset capability.  It is suggested to recode or change these registers to remove the reset or use a synchronous reset to get the best optimization for performance, power and area.
Related violations: <none>

DPIR-1#112 Warning
Asynchronous driver check  
DSP p_0_out__2 input pin p_0_out__2/A[29] is connected to registers with an asynchronous reset. This is preventing the possibility of merging these registers in to the DSP Block since the DSP block registers only possess synchronous reset capability.  It is suggested to recode or change these registers to remove the reset or use a synchronous reset to get the best optimization for performance, power and area.
Related violations: <none>

DPIR-1#113 Warning
Asynchronous driver check  
DSP p_0_out__2 input pin p_0_out__2/A[2] is connected to registers with an asynchronous reset. This is preventing the possibility of merging these registers in to the DSP Block since the DSP block registers only possess synchronous reset capability.  It is suggested to recode or change these registers to remove the reset or use a synchronous reset to get the best optimization for performance, power and area.
Related violations: <none>

DPIR-1#114 Warning
Asynchronous driver check  
DSP p_0_out__2 input pin p_0_out__2/A[3] is connected to registers with an asynchronous reset. This is preventing the possibility of merging these registers in to the DSP Block since the DSP block registers only possess synchronous reset capability.  It is suggested to recode or change these registers to remove the reset or use a synchronous reset to get the best optimization for performance, power and area.
Related violations: <none>

DPIR-1#115 Warning
Asynchronous driver check  
DSP p_0_out__2 input pin p_0_out__2/A[4] is connected to registers with an asynchronous reset. This is preventing the possibility of merging these registers in to the DSP Block since the DSP block registers only possess synchronous reset capability.  It is suggested to recode or change these registers to remove the reset or use a synchronous reset to get the best optimization for performance, power and area.
Related violations: <none>

DPIR-1#116 Warning
Asynchronous driver check  
DSP p_0_out__2 input pin p_0_out__2/A[5] is connected to registers with an asynchronous reset. This is preventing the possibility of merging these registers in to the DSP Block since the DSP block registers only possess synchronous reset capability.  It is suggested to recode or change these registers to remove the reset or use a synchronous reset to get the best optimization for performance, power and area.
Related violations: <none>

DPIR-1#117 Warning
Asynchronous driver check  
DSP p_0_out__2 input pin p_0_out__2/A[6] is connected to registers with an asynchronous reset. This is preventing the possibility of merging these registers in to the DSP Block since the DSP block registers only possess synchronous reset capability.  It is suggested to recode or change these registers to remove the reset or use a synchronous reset to get the best optimization for performance, power and area.
Related violations: <none>

DPIR-1#118 Warning
Asynchronous driver check  
DSP p_0_out__2 input pin p_0_out__2/A[7] is connected to registers with an asynchronous reset. This is preventing the possibility of merging these registers in to the DSP Block since the DSP block registers only possess synchronous reset capability.  It is suggested to recode or change these registers to remove the reset or use a synchronous reset to get the best optimization for performance, power and area.
Related violations: <none>

DPIR-1#119 Warning
Asynchronous driver check  
DSP p_0_out__2 input pin p_0_out__2/A[8] is connected to registers with an asynchronous reset. This is preventing the possibility of merging these registers in to the DSP Block since the DSP block registers only possess synchronous reset capability.  It is suggested to recode or change these registers to remove the reset or use a synchronous reset to get the best optimization for performance, power and area.
Related violations: <none>

DPIR-1#120 Warning
Asynchronous driver check  
DSP p_0_out__2 input pin p_0_out__2/A[9] is connected to registers with an asynchronous reset. This is preventing the possibility of merging these registers in to the DSP Block since the DSP block registers only possess synchronous reset capability.  It is suggested to recode or change these registers to remove the reset or use a synchronous reset to get the best optimization for performance, power and area.
Related violations: <none>

DPIR-1#121 Warning
Asynchronous driver check  
DSP p_0_out__3 input pin p_0_out__3/A[0] is connected to registers with an asynchronous reset. This is preventing the possibility of merging these registers in to the DSP Block since the DSP block registers only possess synchronous reset capability.  It is suggested to recode or change these registers to remove the reset or use a synchronous reset to get the best optimization for performance, power and area.
Related violations: <none>

DPIR-1#122 Warning
Asynchronous driver check  
DSP p_0_out__3 input pin p_0_out__3/A[10] is connected to registers with an asynchronous reset. This is preventing the possibility of merging these registers in to the DSP Block since the DSP block registers only possess synchronous reset capability.  It is suggested to recode or change these registers to remove the reset or use a synchronous reset to get the best optimization for performance, power and area.
Related violations: <none>

DPIR-1#123 Warning
Asynchronous driver check  
DSP p_0_out__3 input pin p_0_out__3/A[11] is connected to registers with an asynchronous reset. This is preventing the possibility of merging these registers in to the DSP Block since the DSP block registers only possess synchronous reset capability.  It is suggested to recode or change these registers to remove the reset or use a synchronous reset to get the best optimization for performance, power and area.
Related violations: <none>

DPIR-1#124 Warning
Asynchronous driver check  
DSP p_0_out__3 input pin p_0_out__3/A[12] is connected to registers with an asynchronous reset. This is preventing the possibility of merging these registers in to the DSP Block since the DSP block registers only possess synchronous reset capability.  It is suggested to recode or change these registers to remove the reset or use a synchronous reset to get the best optimization for performance, power and area.
Related violations: <none>

DPIR-1#125 Warning
Asynchronous driver check  
DSP p_0_out__3 input pin p_0_out__3/A[13] is connected to registers with an asynchronous reset. This is preventing the possibility of merging these registers in to the DSP Block since the DSP block registers only possess synchronous reset capability.  It is suggested to recode or change these registers to remove the reset or use a synchronous reset to get the best optimization for performance, power and area.
Related violations: <none>

DPIR-1#126 Warning
Asynchronous driver check  
DSP p_0_out__3 input pin p_0_out__3/A[14] is connected to registers with an asynchronous reset. This is preventing the possibility of merging these registers in to the DSP Block since the DSP block registers only possess synchronous reset capability.  It is suggested to recode or change these registers to remove the reset or use a synchronous reset to get the best optimization for performance, power and area.
Related violations: <none>

DPIR-1#127 Warning
Asynchronous driver check  
DSP p_0_out__3 input pin p_0_out__3/A[15] is connected to registers with an asynchronous reset. This is preventing the possibility of merging these registers in to the DSP Block since the DSP block registers only possess synchronous reset capability.  It is suggested to recode or change these registers to remove the reset or use a synchronous reset to get the best optimization for performance, power and area.
Related violations: <none>

DPIR-1#128 Warning
Asynchronous driver check  
DSP p_0_out__3 input pin p_0_out__3/A[16] is connected to registers with an asynchronous reset. This is preventing the possibility of merging these registers in to the DSP Block since the DSP block registers only possess synchronous reset capability.  It is suggested to recode or change these registers to remove the reset or use a synchronous reset to get the best optimization for performance, power and area.
Related violations: <none>

DPIR-1#129 Warning
Asynchronous driver check  
DSP p_0_out__3 input pin p_0_out__3/A[17] is connected to registers with an asynchronous reset. This is preventing the possibility of merging these registers in to the DSP Block since the DSP block registers only possess synchronous reset capability.  It is suggested to recode or change these registers to remove the reset or use a synchronous reset to get the best optimization for performance, power and area.
Related violations: <none>

DPIR-1#130 Warning
Asynchronous driver check  
DSP p_0_out__3 input pin p_0_out__3/A[18] is connected to registers with an asynchronous reset. This is preventing the possibility of merging these registers in to the DSP Block since the DSP block registers only possess synchronous reset capability.  It is suggested to recode or change these registers to remove the reset or use a synchronous reset to get the best optimization for performance, power and area.
Related violations: <none>

DPIR-1#131 Warning
Asynchronous driver check  
DSP p_0_out__3 input pin p_0_out__3/A[19] is connected to registers with an asynchronous reset. This is preventing the possibility of merging these registers in to the DSP Block since the DSP block registers only possess synchronous reset capability.  It is suggested to recode or change these registers to remove the reset or use a synchronous reset to get the best optimization for performance, power and area.
Related violations: <none>

DPIR-1#132 Warning
Asynchronous driver check  
DSP p_0_out__3 input pin p_0_out__3/A[1] is connected to registers with an asynchronous reset. This is preventing the possibility of merging these registers in to the DSP Block since the DSP block registers only possess synchronous reset capability.  It is suggested to recode or change these registers to remove the reset or use a synchronous reset to get the best optimization for performance, power and area.
Related violations: <none>

DPIR-1#133 Warning
Asynchronous driver check  
DSP p_0_out__3 input pin p_0_out__3/A[20] is connected to registers with an asynchronous reset. This is preventing the possibility of merging these registers in to the DSP Block since the DSP block registers only possess synchronous reset capability.  It is suggested to recode or change these registers to remove the reset or use a synchronous reset to get the best optimization for performance, power and area.
Related violations: <none>

DPIR-1#134 Warning
Asynchronous driver check  
DSP p_0_out__3 input pin p_0_out__3/A[21] is connected to registers with an asynchronous reset. This is preventing the possibility of merging these registers in to the DSP Block since the DSP block registers only possess synchronous reset capability.  It is suggested to recode or change these registers to remove the reset or use a synchronous reset to get the best optimization for performance, power and area.
Related violations: <none>

DPIR-1#135 Warning
Asynchronous driver check  
DSP p_0_out__3 input pin p_0_out__3/A[22] is connected to registers with an asynchronous reset. This is preventing the possibility of merging these registers in to the DSP Block since the DSP block registers only possess synchronous reset capability.  It is suggested to recode or change these registers to remove the reset or use a synchronous reset to get the best optimization for performance, power and area.
Related violations: <none>

DPIR-1#136 Warning
Asynchronous driver check  
DSP p_0_out__3 input pin p_0_out__3/A[23] is connected to registers with an asynchronous reset. This is preventing the possibility of merging these registers in to the DSP Block since the DSP block registers only possess synchronous reset capability.  It is suggested to recode or change these registers to remove the reset or use a synchronous reset to get the best optimization for performance, power and area.
Related violations: <none>

DPIR-1#137 Warning
Asynchronous driver check  
DSP p_0_out__3 input pin p_0_out__3/A[24] is connected to registers with an asynchronous reset. This is preventing the possibility of merging these registers in to the DSP Block since the DSP block registers only possess synchronous reset capability.  It is suggested to recode or change these registers to remove the reset or use a synchronous reset to get the best optimization for performance, power and area.
Related violations: <none>

DPIR-1#138 Warning
Asynchronous driver check  
DSP p_0_out__3 input pin p_0_out__3/A[25] is connected to registers with an asynchronous reset. This is preventing the possibility of merging these registers in to the DSP Block since the DSP block registers only possess synchronous reset capability.  It is suggested to recode or change these registers to remove the reset or use a synchronous reset to get the best optimization for performance, power and area.
Related violations: <none>

DPIR-1#139 Warning
Asynchronous driver check  
DSP p_0_out__3 input pin p_0_out__3/A[26] is connected to registers with an asynchronous reset. This is preventing the possibility of merging these registers in to the DSP Block since the DSP block registers only possess synchronous reset capability.  It is suggested to recode or change these registers to remove the reset or use a synchronous reset to get the best optimization for performance, power and area.
Related violations: <none>

DPIR-1#140 Warning
Asynchronous driver check  
DSP p_0_out__3 input pin p_0_out__3/A[27] is connected to registers with an asynchronous reset. This is preventing the possibility of merging these registers in to the DSP Block since the DSP block registers only possess synchronous reset capability.  It is suggested to recode or change these registers to remove the reset or use a synchronous reset to get the best optimization for performance, power and area.
Related violations: <none>

DPIR-1#141 Warning
Asynchronous driver check  
DSP p_0_out__3 input pin p_0_out__3/A[28] is connected to registers with an asynchronous reset. This is preventing the possibility of merging these registers in to the DSP Block since the DSP block registers only possess synchronous reset capability.  It is suggested to recode or change these registers to remove the reset or use a synchronous reset to get the best optimization for performance, power and area.
Related violations: <none>

DPIR-1#142 Warning
Asynchronous driver check  
DSP p_0_out__3 input pin p_0_out__3/A[29] is connected to registers with an asynchronous reset. This is preventing the possibility of merging these registers in to the DSP Block since the DSP block registers only possess synchronous reset capability.  It is suggested to recode or change these registers to remove the reset or use a synchronous reset to get the best optimization for performance, power and area.
Related violations: <none>

DPIR-1#143 Warning
Asynchronous driver check  
DSP p_0_out__3 input pin p_0_out__3/A[2] is connected to registers with an asynchronous reset. This is preventing the possibility of merging these registers in to the DSP Block since the DSP block registers only possess synchronous reset capability.  It is suggested to recode or change these registers to remove the reset or use a synchronous reset to get the best optimization for performance, power and area.
Related violations: <none>

DPIR-1#144 Warning
Asynchronous driver check  
DSP p_0_out__3 input pin p_0_out__3/A[3] is connected to registers with an asynchronous reset. This is preventing the possibility of merging these registers in to the DSP Block since the DSP block registers only possess synchronous reset capability.  It is suggested to recode or change these registers to remove the reset or use a synchronous reset to get the best optimization for performance, power and area.
Related violations: <none>

DPIR-1#145 Warning
Asynchronous driver check  
DSP p_0_out__3 input pin p_0_out__3/A[4] is connected to registers with an asynchronous reset. This is preventing the possibility of merging these registers in to the DSP Block since the DSP block registers only possess synchronous reset capability.  It is suggested to recode or change these registers to remove the reset or use a synchronous reset to get the best optimization for performance, power and area.
Related violations: <none>

DPIR-1#146 Warning
Asynchronous driver check  
DSP p_0_out__3 input pin p_0_out__3/A[5] is connected to registers with an asynchronous reset. This is preventing the possibility of merging these registers in to the DSP Block since the DSP block registers only possess synchronous reset capability.  It is suggested to recode or change these registers to remove the reset or use a synchronous reset to get the best optimization for performance, power and area.
Related violations: <none>

DPIR-1#147 Warning
Asynchronous driver check  
DSP p_0_out__3 input pin p_0_out__3/A[6] is connected to registers with an asynchronous reset. This is preventing the possibility of merging these registers in to the DSP Block since the DSP block registers only possess synchronous reset capability.  It is suggested to recode or change these registers to remove the reset or use a synchronous reset to get the best optimization for performance, power and area.
Related violations: <none>

DPIR-1#148 Warning
Asynchronous driver check  
DSP p_0_out__3 input pin p_0_out__3/A[7] is connected to registers with an asynchronous reset. This is preventing the possibility of merging these registers in to the DSP Block since the DSP block registers only possess synchronous reset capability.  It is suggested to recode or change these registers to remove the reset or use a synchronous reset to get the best optimization for performance, power and area.
Related violations: <none>

DPIR-1#149 Warning
Asynchronous driver check  
DSP p_0_out__3 input pin p_0_out__3/A[8] is connected to registers with an asynchronous reset. This is preventing the possibility of merging these registers in to the DSP Block since the DSP block registers only possess synchronous reset capability.  It is suggested to recode or change these registers to remove the reset or use a synchronous reset to get the best optimization for performance, power and area.
Related violations: <none>

DPIR-1#150 Warning
Asynchronous driver check  
DSP p_0_out__3 input pin p_0_out__3/A[9] is connected to registers with an asynchronous reset. This is preventing the possibility of merging these registers in to the DSP Block since the DSP block registers only possess synchronous reset capability.  It is suggested to recode or change these registers to remove the reset or use a synchronous reset to get the best optimization for performance, power and area.
Related violations: <none>

DPIR-1#151 Warning
Asynchronous driver check  
DSP p_0_out__4 input pin p_0_out__4/A[0] is connected to registers with an asynchronous reset. This is preventing the possibility of merging these registers in to the DSP Block since the DSP block registers only possess synchronous reset capability.  It is suggested to recode or change these registers to remove the reset or use a synchronous reset to get the best optimization for performance, power and area.
Related violations: <none>

DPIR-1#152 Warning
Asynchronous driver check  
DSP p_0_out__4 input pin p_0_out__4/A[10] is connected to registers with an asynchronous reset. This is preventing the possibility of merging these registers in to the DSP Block since the DSP block registers only possess synchronous reset capability.  It is suggested to recode or change these registers to remove the reset or use a synchronous reset to get the best optimization for performance, power and area.
Related violations: <none>

DPIR-1#153 Warning
Asynchronous driver check  
DSP p_0_out__4 input pin p_0_out__4/A[11] is connected to registers with an asynchronous reset. This is preventing the possibility of merging these registers in to the DSP Block since the DSP block registers only possess synchronous reset capability.  It is suggested to recode or change these registers to remove the reset or use a synchronous reset to get the best optimization for performance, power and area.
Related violations: <none>

DPIR-1#154 Warning
Asynchronous driver check  
DSP p_0_out__4 input pin p_0_out__4/A[12] is connected to registers with an asynchronous reset. This is preventing the possibility of merging these registers in to the DSP Block since the DSP block registers only possess synchronous reset capability.  It is suggested to recode or change these registers to remove the reset or use a synchronous reset to get the best optimization for performance, power and area.
Related violations: <none>

DPIR-1#155 Warning
Asynchronous driver check  
DSP p_0_out__4 input pin p_0_out__4/A[13] is connected to registers with an asynchronous reset. This is preventing the possibility of merging these registers in to the DSP Block since the DSP block registers only possess synchronous reset capability.  It is suggested to recode or change these registers to remove the reset or use a synchronous reset to get the best optimization for performance, power and area.
Related violations: <none>

DPIR-1#156 Warning
Asynchronous driver check  
DSP p_0_out__4 input pin p_0_out__4/A[14] is connected to registers with an asynchronous reset. This is preventing the possibility of merging these registers in to the DSP Block since the DSP block registers only possess synchronous reset capability.  It is suggested to recode or change these registers to remove the reset or use a synchronous reset to get the best optimization for performance, power and area.
Related violations: <none>

DPIR-1#157 Warning
Asynchronous driver check  
DSP p_0_out__4 input pin p_0_out__4/A[15] is connected to registers with an asynchronous reset. This is preventing the possibility of merging these registers in to the DSP Block since the DSP block registers only possess synchronous reset capability.  It is suggested to recode or change these registers to remove the reset or use a synchronous reset to get the best optimization for performance, power and area.
Related violations: <none>

DPIR-1#158 Warning
Asynchronous driver check  
DSP p_0_out__4 input pin p_0_out__4/A[16] is connected to registers with an asynchronous reset. This is preventing the possibility of merging these registers in to the DSP Block since the DSP block registers only possess synchronous reset capability.  It is suggested to recode or change these registers to remove the reset or use a synchronous reset to get the best optimization for performance, power and area.
Related violations: <none>

DPIR-1#159 Warning
Asynchronous driver check  
DSP p_0_out__4 input pin p_0_out__4/A[17] is connected to registers with an asynchronous reset. This is preventing the possibility of merging these registers in to the DSP Block since the DSP block registers only possess synchronous reset capability.  It is suggested to recode or change these registers to remove the reset or use a synchronous reset to get the best optimization for performance, power and area.
Related violations: <none>

DPIR-1#160 Warning
Asynchronous driver check  
DSP p_0_out__4 input pin p_0_out__4/A[18] is connected to registers with an asynchronous reset. This is preventing the possibility of merging these registers in to the DSP Block since the DSP block registers only possess synchronous reset capability.  It is suggested to recode or change these registers to remove the reset or use a synchronous reset to get the best optimization for performance, power and area.
Related violations: <none>

DPIR-1#161 Warning
Asynchronous driver check  
DSP p_0_out__4 input pin p_0_out__4/A[19] is connected to registers with an asynchronous reset. This is preventing the possibility of merging these registers in to the DSP Block since the DSP block registers only possess synchronous reset capability.  It is suggested to recode or change these registers to remove the reset or use a synchronous reset to get the best optimization for performance, power and area.
Related violations: <none>

DPIR-1#162 Warning
Asynchronous driver check  
DSP p_0_out__4 input pin p_0_out__4/A[1] is connected to registers with an asynchronous reset. This is preventing the possibility of merging these registers in to the DSP Block since the DSP block registers only possess synchronous reset capability.  It is suggested to recode or change these registers to remove the reset or use a synchronous reset to get the best optimization for performance, power and area.
Related violations: <none>

DPIR-1#163 Warning
Asynchronous driver check  
DSP p_0_out__4 input pin p_0_out__4/A[20] is connected to registers with an asynchronous reset. This is preventing the possibility of merging these registers in to the DSP Block since the DSP block registers only possess synchronous reset capability.  It is suggested to recode or change these registers to remove the reset or use a synchronous reset to get the best optimization for performance, power and area.
Related violations: <none>

DPIR-1#164 Warning
Asynchronous driver check  
DSP p_0_out__4 input pin p_0_out__4/A[21] is connected to registers with an asynchronous reset. This is preventing the possibility of merging these registers in to the DSP Block since the DSP block registers only possess synchronous reset capability.  It is suggested to recode or change these registers to remove the reset or use a synchronous reset to get the best optimization for performance, power and area.
Related violations: <none>

DPIR-1#165 Warning
Asynchronous driver check  
DSP p_0_out__4 input pin p_0_out__4/A[22] is connected to registers with an asynchronous reset. This is preventing the possibility of merging these registers in to the DSP Block since the DSP block registers only possess synchronous reset capability.  It is suggested to recode or change these registers to remove the reset or use a synchronous reset to get the best optimization for performance, power and area.
Related violations: <none>

DPIR-1#166 Warning
Asynchronous driver check  
DSP p_0_out__4 input pin p_0_out__4/A[23] is connected to registers with an asynchronous reset. This is preventing the possibility of merging these registers in to the DSP Block since the DSP block registers only possess synchronous reset capability.  It is suggested to recode or change these registers to remove the reset or use a synchronous reset to get the best optimization for performance, power and area.
Related violations: <none>

DPIR-1#167 Warning
Asynchronous driver check  
DSP p_0_out__4 input pin p_0_out__4/A[24] is connected to registers with an asynchronous reset. This is preventing the possibility of merging these registers in to the DSP Block since the DSP block registers only possess synchronous reset capability.  It is suggested to recode or change these registers to remove the reset or use a synchronous reset to get the best optimization for performance, power and area.
Related violations: <none>

DPIR-1#168 Warning
Asynchronous driver check  
DSP p_0_out__4 input pin p_0_out__4/A[25] is connected to registers with an asynchronous reset. This is preventing the possibility of merging these registers in to the DSP Block since the DSP block registers only possess synchronous reset capability.  It is suggested to recode or change these registers to remove the reset or use a synchronous reset to get the best optimization for performance, power and area.
Related violations: <none>

DPIR-1#169 Warning
Asynchronous driver check  
DSP p_0_out__4 input pin p_0_out__4/A[26] is connected to registers with an asynchronous reset. This is preventing the possibility of merging these registers in to the DSP Block since the DSP block registers only possess synchronous reset capability.  It is suggested to recode or change these registers to remove the reset or use a synchronous reset to get the best optimization for performance, power and area.
Related violations: <none>

DPIR-1#170 Warning
Asynchronous driver check  
DSP p_0_out__4 input pin p_0_out__4/A[27] is connected to registers with an asynchronous reset. This is preventing the possibility of merging these registers in to the DSP Block since the DSP block registers only possess synchronous reset capability.  It is suggested to recode or change these registers to remove the reset or use a synchronous reset to get the best optimization for performance, power and area.
Related violations: <none>

DPIR-1#171 Warning
Asynchronous driver check  
DSP p_0_out__4 input pin p_0_out__4/A[28] is connected to registers with an asynchronous reset. This is preventing the possibility of merging these registers in to the DSP Block since the DSP block registers only possess synchronous reset capability.  It is suggested to recode or change these registers to remove the reset or use a synchronous reset to get the best optimization for performance, power and area.
Related violations: <none>

DPIR-1#172 Warning
Asynchronous driver check  
DSP p_0_out__4 input pin p_0_out__4/A[29] is connected to registers with an asynchronous reset. This is preventing the possibility of merging these registers in to the DSP Block since the DSP block registers only possess synchronous reset capability.  It is suggested to recode or change these registers to remove the reset or use a synchronous reset to get the best optimization for performance, power and area.
Related violations: <none>

DPIR-1#173 Warning
Asynchronous driver check  
DSP p_0_out__4 input pin p_0_out__4/A[2] is connected to registers with an asynchronous reset. This is preventing the possibility of merging these registers in to the DSP Block since the DSP block registers only possess synchronous reset capability.  It is suggested to recode or change these registers to remove the reset or use a synchronous reset to get the best optimization for performance, power and area.
Related violations: <none>

DPIR-1#174 Warning
Asynchronous driver check  
DSP p_0_out__4 input pin p_0_out__4/A[3] is connected to registers with an asynchronous reset. This is preventing the possibility of merging these registers in to the DSP Block since the DSP block registers only possess synchronous reset capability.  It is suggested to recode or change these registers to remove the reset or use a synchronous reset to get the best optimization for performance, power and area.
Related violations: <none>

DPIR-1#175 Warning
Asynchronous driver check  
DSP p_0_out__4 input pin p_0_out__4/A[4] is connected to registers with an asynchronous reset. This is preventing the possibility of merging these registers in to the DSP Block since the DSP block registers only possess synchronous reset capability.  It is suggested to recode or change these registers to remove the reset or use a synchronous reset to get the best optimization for performance, power and area.
Related violations: <none>

DPIR-1#176 Warning
Asynchronous driver check  
DSP p_0_out__4 input pin p_0_out__4/A[5] is connected to registers with an asynchronous reset. This is preventing the possibility of merging these registers in to the DSP Block since the DSP block registers only possess synchronous reset capability.  It is suggested to recode or change these registers to remove the reset or use a synchronous reset to get the best optimization for performance, power and area.
Related violations: <none>

DPIR-1#177 Warning
Asynchronous driver check  
DSP p_0_out__4 input pin p_0_out__4/A[6] is connected to registers with an asynchronous reset. This is preventing the possibility of merging these registers in to the DSP Block since the DSP block registers only possess synchronous reset capability.  It is suggested to recode or change these registers to remove the reset or use a synchronous reset to get the best optimization for performance, power and area.
Related violations: <none>

DPIR-1#178 Warning
Asynchronous driver check  
DSP p_0_out__4 input pin p_0_out__4/A[7] is connected to registers with an asynchronous reset. This is preventing the possibility of merging these registers in to the DSP Block since the DSP block registers only possess synchronous reset capability.  It is suggested to recode or change these registers to remove the reset or use a synchronous reset to get the best optimization for performance, power and area.
Related violations: <none>

DPIR-1#179 Warning
Asynchronous driver check  
DSP p_0_out__4 input pin p_0_out__4/A[8] is connected to registers with an asynchronous reset. This is preventing the possibility of merging these registers in to the DSP Block since the DSP block registers only possess synchronous reset capability.  It is suggested to recode or change these registers to remove the reset or use a synchronous reset to get the best optimization for performance, power and area.
Related violations: <none>

DPIR-1#180 Warning
Asynchronous driver check  
DSP p_0_out__4 input pin p_0_out__4/A[9] is connected to registers with an asynchronous reset. This is preventing the possibility of merging these registers in to the DSP Block since the DSP block registers only possess synchronous reset capability.  It is suggested to recode or change these registers to remove the reset or use a synchronous reset to get the best optimization for performance, power and area.
Related violations: <none>


