Time resolution is 1 ps
Loaded 4096 input samples
MISMATCH at sample 0: rtl=263 golden=1 err=262
MISMATCH at sample 1: rtl=307 golden=5 err=302
MISMATCH at sample 2: rtl=321 golden=-21 err=342
MISMATCH at sample 3: rtl=388 golden=31 err=357
MISMATCH at sample 4: rtl=358 golden=-14 err=372
MISMATCH at sample 5: rtl=441 golden=-6 err=447
MISMATCH at sample 6: rtl=484 golden=-19 err=503
MISMATCH at sample 7: rtl=522 golden=-83 err=605
MISMATCH at sample 8: rtl=586 golden=-10 err=596
MISMATCH at sample 9: rtl=545 golden=-92 err=637
MISMATCH at sample 10: rtl=637 golden=-122 err=759
MISMATCH at sample 11: rtl=637 golden=-21 err=658
MISMATCH at sample 12: rtl=577 golden=-60 err=637
MISMATCH at sample 13: rtl=626 golden=53 err=573
MISMATCH at sample 14: rtl=536 golden=93 err=443
MISMATCH at sample 15: rtl=643 golden=124 err=519
MISMATCH at sample 16: rtl=576 golden=271 err=305
MISMATCH at sample 17: rtl=623 golden=241 err=382
MISMATCH at sample 18: rtl=617 golden=261 err=356
MISMATCH at sample 19: rtl=687 golden=337 err=350
MISMATCH at sample 20: rtl=707 golden=220 err=487
MISMATCH at sample 21: rtl=741 golden=309 err=432
MISMATCH at sample 22: rtl=770 golden=230 err=540
MISMATCH at sample 23: rtl=784 golden=265 err=519
MISMATCH at sample 24: rtl=893 golden=291 err=602
MISMATCH at sample 25: rtl=850 golden=263 err=587
MISMATCH at sample 26: rtl=951 golden=307 err=644
MISMATCH at sample 27: rtl=930 golden=321 err=609
MISMATCH at sample 28: rtl=928 golden=388 err=540
MISMATCH at sample 29: rtl=987 golden=358 err=629
MISMATCH at sample 30: rtl=875 golden=441 err=434
MISMATCH at sample 31: rtl=946 golden=484 err=462
MISMATCH at sample 32: rtl=858 golden=522 err=336
MISMATCH at sample 33: rtl=875 golden=586 err=289
MISMATCH at sample 34: rtl=885 golden=545 err=340
MISMATCH at sample 35: rtl=931 golden=637 err=294
MISMATCH at sample 36: rtl=882 golden=637 err=245
MISMATCH at sample 37: rtl=1023 golden=577 err=446
MISMATCH at sample 38: rtl=970 golden=626 err=344
MISMATCH at sample 39: rtl=1047 golden=536 err=511
MISMATCH at sample 40: rtl=1124 golden=643 err=481
MISMATCH at sample 41: rtl=1056 golden=576 err=480
MISMATCH at sample 42: rtl=1229 golden=623 err=606
MISMATCH at sample 43: rtl=1162 golden=617 err=545
MISMATCH at sample 44: rtl=1286 golden=687 err=599
MISMATCH at sample 45: rtl=1257 golden=707 err=550
MISMATCH at sample 46: rtl=1299 golden=741 err=558
MISMATCH at sample 47: rtl=1245 golden=770 err=475
MISMATCH at sample 48: rtl=1251 golden=784 err=467
MISMATCH at sample 49: rtl=1246 golden=893 err=353
MISMATCH at sample 50: rtl=1177 golden=850 err=327
MISMATCH at sample 51: rtl=1241 golden=951 err=290
MISMATCH at sample 52: rtl=1205 golden=930 err=275
MISMATCH at sample 53: rtl=1321 golden=928 err=393
MISMATCH at sample 54: rtl=1357 golden=987 err=370
MISMATCH at sample 55: rtl=1395 golden=875 err=520
MISMATCH at sample 56: rtl=1500 golden=946 err=554
MISMATCH at sample 57: rtl=1451 golden=858 err=593
MISMATCH at sample 58: rtl=1581 golden=875 err=706
MISMATCH at sample 59: rtl=1489 golden=885 err=604
MISMATCH at sample 60: rtl=1510 golden=931 err=579
MISMATCH at sample 61: rtl=1524 golden=882 err=642
MISMATCH at sample 62: rtl=1431 golden=1023 err=408
MISMATCH at sample 63: rtl=1554 golden=970 err=584
MISMATCH at sample 64: rtl=1467 golden=1047 err=420
MISMATCH at sample 65: rtl=1566 golden=1124 err=442
MISMATCH at sample 66: rtl=1626 golden=1056 err=570
MISMATCH at sample 67: rtl=1614 golden=1229 err=385
MISMATCH at sample 68: rtl=1743 golden=1162 err=581
MISMATCH at sample 69: rtl=1711 golden=1286 err=425
MISMATCH at sample 70: rtl=1732 golden=1257 err=475
MISMATCH at sample 71: rtl=1719 golden=1299 err=420
MISMATCH at sample 72: rtl=1613 golden=1245 err=368
MISMATCH at sample 73: rtl=1616 golden=1251 err=365
MISMATCH at sample 74: rtl=1553 golden=1246 err=307
MISMATCH at sample 75: rtl=1474 golden=1177 err=297
MISMATCH at sample 76: rtl=1546 golden=1241 err=305
MISMATCH at sample 77: rtl=1492 golden=1205 err=287
MISMATCH at sample 78: rtl=1604 golden=1321 err=283
MISMATCH at sample 79: rtl=1663 golden=1357 err=306
MISMATCH at sample 80: rtl=1646 golden=1395 err=251
MISMATCH at sample 81: rtl=1808 golden=1500 err=308
MISMATCH at sample 82: rtl=1733 golden=1451 err=282
MISMATCH at sample 83: rtl=1829 golden=1581 err=248
MISMATCH at sample 84: rtl=1795 golden=1489 err=306
MISMATCH at sample 85: rtl=1742 golden=1510 err=232
MISMATCH at sample 86: rtl=1841 golden=1524 err=317
MISMATCH at sample 87: rtl=1712 golden=1431 err=281
MISMATCH at sample 88: rtl=1838 golden=1554 err=284
MISMATCH at sample 89: rtl=1737 golden=1467 err=270
MISMATCH at sample 90: rtl=1783 golden=1566 err=217
MISMATCH at sample 91: rtl=1810 golden=1626 err=184
MISMATCH at sample 92: rtl=1805 golden=1614 err=191
MISMATCH at sample 93: rtl=1823 golden=1743 err=80
MISMATCH at sample 94: rtl=1839 golden=1711 err=128
MISMATCH at sample 95: rtl=1881 golden=1732 err=149
MISMATCH at sample 96: rtl=1860 golden=1719 err=141
MISMATCH at sample 97: rtl=1936 golden=1613 err=323
MISMATCH at sample 98: rtl=1878 golden=1616 err=262
MISMATCH at sample 99: rtl=1968 golden=1553 err=415
MISMATCH at sample 100: rtl=1924 golden=1474 err=450
MISMATCH at sample 101: rtl=1957 golden=1546 err=411
MISMATCH at sample 102: rtl=1983 golden=1492 err=491
MISMATCH at sample 103: rtl=1933 golden=1604 err=329
MISMATCH at sample 104: rtl=1971 golden=1663 err=308
MISMATCH at sample 105: rtl=1884 golden=1646 err=238
MISMATCH at sample 106: rtl=1907 golden=1808 err=99
MISMATCH at sample 107: rtl=1804 golden=1733 err=71
MISMATCH at sample 108: rtl=1798 golden=1829 err=31
MISMATCH at sample 109: rtl=1729 golden=1795 err=66
MISMATCH at sample 110: rtl=1700 golden=1742 err=42
MISMATCH at sample 111: rtl=1684 golden=1841 err=157
MISMATCH at sample 112: rtl=1645 golden=1712 err=67
MISMATCH at sample 113: rtl=1727 golden=1838 err=111
MISMATCH at sample 114: rtl=1688 golden=1737 err=49
MISMATCH at sample 115: rtl=1756 golden=1783 err=27
MISMATCH at sample 116: rtl=1783 golden=1810 err=27
MISMATCH at sample 117: rtl=1803 golden=1805 err=2
MISMATCH at sample 118: rtl=1789 golden=1823 err=34
MISMATCH at sample 119: rtl=1788 golden=1839 err=51
MISMATCH at sample 120: rtl=1695 golden=1881 err=186
MISMATCH at sample 121: rtl=1712 golden=1860 err=148
MISMATCH at sample 122: rtl=1546 golden=1936 err=390
MISMATCH at sample 123: rtl=1558 golden=1878 err=320
MISMATCH at sample 124: rtl=1541 golden=1968 err=427
MISMATCH at sample 125: rtl=1465 golden=1924 err=459
MISMATCH at sample 126: rtl=1556 golden=1957 err=401
MISMATCH at sample 127: rtl=1445 golden=1983 err=538
MISMATCH at sample 128: rtl=1520 golden=1933 err=413
MISMATCH at sample 129: rtl=1464 golden=1971 err=507
MISMATCH at sample 130: rtl=1395 golden=1884 err=489
MISMATCH at sample 131: rtl=1429 golden=1907 err=478
MISMATCH at sample 132: rtl=1309 golden=1804 err=495
MISMATCH at sample 133: rtl=1402 golden=1798 err=396
MISMATCH at sample 134: rtl=1307 golden=1729 err=422
MISMATCH at sample 135: rtl=1352 golden=1700 err=348
MISMATCH at sample 136: rtl=1312 golden=1684 err=372
MISMATCH at sample 137: rtl=1236 golden=1645 err=409
MISMATCH at sample 138: rtl=1312 golden=1727 err=415
MISMATCH at sample 139: rtl=1090 golden=1688 err=598
MISMATCH at sample 140: rtl=1221 golden=1756 err=535
MISMATCH at sample 141: rtl=977 golden=1783 err=806
MISMATCH at sample 142: rtl=1130 golden=1803 err=673
MISMATCH at sample 143: rtl=1011 golden=1789 err=778
MISMATCH at sample 144: rtl=990 golden=1788 err=798
MISMATCH at sample 145: rtl=1037 golden=1695 err=658
MISMATCH at sample 146: rtl=869 golden=1712 err=843
MISMATCH at sample 147: rtl=997 golden=1546 err=549
MISMATCH at sample 148: rtl=742 golden=1558 err=816
MISMATCH at sample 149: rtl=773 golden=1541 err=768
MISMATCH at sample 150: rtl=602 golden=1465 err=863
MISMATCH at sample 151: rtl=569 golden=1556 err=987
MISMATCH at sample 152: rtl=532 golden=1445 err=913
MISMATCH at sample 153: rtl=414 golden=1520 err=1106
MISMATCH at sample 154: rtl=434 golden=1464 err=1030
MISMATCH at sample 155: rtl=371 golden=1395 err=1024
MISMATCH at sample 156: rtl=446 golden=1429 err=983
MISMATCH at sample 157: rtl=396 golden=1309 err=913
MISMATCH at sample 158: rtl=374 golden=1402 err=1028
MISMATCH at sample 159: rtl=382 golden=1307 err=925
MISMATCH at sample 160: rtl=329 golden=1352 err=1023
MISMATCH at sample 161: rtl=375 golden=1312 err=937
MISMATCH at sample 162: rtl=202 golden=1236 err=1034
MISMATCH at sample 163: rtl=204 golden=1312 err=1108
MISMATCH at sample 164: rtl=91 golden=1090 err=999
MISMATCH at sample 165: rtl=51 golden=1221 err=1170
MISMATCH at sample 166: rtl=-4 golden=977 err=981
MISMATCH at sample 167: rtl=-133 golden=1130 err=1263
MISMATCH at sample 168: rtl=-167 golden=1011 err=1178
MISMATCH at sample 169: rtl=-221 golden=990 err=1211
MISMATCH at sample 170: rtl=-267 golden=1037 err=1304
MISMATCH at sample 171: rtl=-338 golden=869 err=1207
MISMATCH at sample 172: rtl=-452 golden=997 err=1449
MISMATCH at sample 173: rtl=-495 golden=742 err=1237
MISMATCH at sample 174: rtl=-536 golden=773 err=1309
MISMATCH at sample 175: rtl=-723 golden=602 err=1325
MISMATCH at sample 176: rtl=-687 golden=569 err=1256
MISMATCH at sample 177: rtl=-802 golden=532 err=1334
MISMATCH at sample 178: rtl=-820 golden=414 err=1234
MISMATCH at sample 179: rtl=-803 golden=434 err=1237
MISMATCH at sample 180: rtl=-967 golden=371 err=1338
MISMATCH at sample 181: rtl=-863 golden=446 err=1309
MISMATCH at sample 182: rtl=-1076 golden=396 err=1472
MISMATCH at sample 183: rtl=-1099 golden=374 err=1473
MISMATCH at sample 184: rtl=-1242 golden=382 err=1624
MISMATCH at sample 185: rtl=-1387 golden=329 err=1716
MISMATCH at sample 186: rtl=-1351 golden=375 err=1726
MISMATCH at sample 187: rtl=-1592 golden=202 err=1794
MISMATCH at sample 188: rtl=-1486 golden=204 err=1690
MISMATCH at sample 189: rtl=-1662 golden=91 err=1753
MISMATCH at sample 190: rtl=-1553 golden=51 err=1604
MISMATCH at sample 191: rtl=-1595 golden=-5 err=1590
MISMATCH at sample 192: rtl=-1632 golden=-134 err=1498
MISMATCH at sample 193: rtl=-1507 golden=-168 err=1339
MISMATCH at sample 194: rtl=-1641 golden=-222 err=1419
MISMATCH at sample 195: rtl=-1516 golden=-268 err=1248
MISMATCH at sample 196: rtl=-1613 golden=-339 err=1274
MISMATCH at sample 197: rtl=-1610 golden=-453 err=1157
MISMATCH at sample 198: rtl=-1621 golden=-496 err=1125
MISMATCH at sample 199: rtl=-1739 golden=-537 err=1202
MISMATCH at sample 200: rtl=-1724 golden=-724 err=1000
MISMATCH at sample 201: rtl=-1805 golden=-688 err=1117
MISMATCH at sample 202: rtl=-1745 golden=-803 err=942
MISMATCH at sample 203: rtl=-1790 golden=-821 err=969
MISMATCH at sample 204: rtl=-1740 golden=-804 err=936
MISMATCH at sample 205: rtl=-1718 golden=-968 err=750
MISMATCH at sample 206: rtl=-1719 golden=-864 err=855
MISMATCH at sample 207: rtl=-1662 golden=-1077 err=585
MISMATCH at sample 208: rtl=-1766 golden=-1100 err=666
MISMATCH at sample 209: rtl=-1759 golden=-1243 err=516
MISMATCH at sample 210: rtl=-1826 golden=-1388 err=438
MISMATCH at sample 211: rtl=-1846 golden=-1352 err=494
MISMATCH at sample 212: rtl=-1906 golden=-1593 err=313
MISMATCH at sample 213: rtl=-1923 golden=-1487 err=436
MISMATCH at sample 214: rtl=-1947 golden=-1663 err=284
MISMATCH at sample 215: rtl=-1981 golden=-1554 err=427
MISMATCH at sample 216: rtl=-1964 golden=-1596 err=368
MISMATCH at sample 217: rtl=-2010 golden=-1633 err=377
MISMATCH at sample 218: rtl=-2004 golden=-1508 err=496
MISMATCH at sample 219: rtl=-2019 golden=-1642 err=377
MISMATCH at sample 220: rtl=-1967 golden=-1517 err=450
MISMATCH at sample 221: rtl=-1997 golden=-1614 err=383
MISMATCH at sample 222: rtl=-1875 golden=-1611 err=264
MISMATCH at sample 223: rtl=-1874 golden=-1622 err=252
MISMATCH at sample 224: rtl=-1725 golden=-1740 err=15
MISMATCH at sample 225: rtl=-1675 golden=-1725 err=50
MISMATCH at sample 226: rtl=-1652 golden=-1806 err=154
MISMATCH at sample 227: rtl=-1560 golden=-1746 err=186
MISMATCH at sample 228: rtl=-1467 golden=-1791 err=324
MISMATCH at sample 229: rtl=-1502 golden=-1741 err=239
MISMATCH at sample 230: rtl=-1485 golden=-1719 err=234
MISMATCH at sample 231: rtl=-1473 golden=-1720 err=247
MISMATCH at sample 232: rtl=-1448 golden=-1663 err=215
MISMATCH at sample 233: rtl=-1399 golden=-1767 err=368
MISMATCH at sample 234: rtl=-1493 golden=-1760 err=267
MISMATCH at sample 235: rtl=-1408 golden=-1827 err=419
MISMATCH at sample 236: rtl=-1399 golden=-1847 err=448
MISMATCH at sample 237: rtl=-1390 golden=-1907 err=517
MISMATCH at sample 238: rtl=-1348 golden=-1924 err=576
MISMATCH at sample 239: rtl=-1353 golden=-1948 err=595
MISMATCH at sample 240: rtl=-1265 golden=-1982 err=717
MISMATCH at sample 241: rtl=-1176 golden=-1965 err=789
MISMATCH at sample 242: rtl=-1122 golden=-2011 err=889
MISMATCH at sample 243: rtl=-972 golden=-2005 err=1033
MISMATCH at sample 244: rtl=-933 golden=-2020 err=1087
MISMATCH at sample 245: rtl=-756 golden=-1968 err=1212
MISMATCH at sample 246: rtl=-739 golden=-1998 err=1259
MISMATCH at sample 247: rtl=-628 golden=-1876 err=1248
MISMATCH at sample 248: rtl=-596 golden=-1875 err=1279
MISMATCH at sample 249: rtl=-463 golden=-1726 err=1263
MISMATCH at sample 250: rtl=-411 golden=-1676 err=1265
MISMATCH at sample 251: rtl=-288 golden=-1653 err=1365
MISMATCH at sample 252: rtl=-213 golden=-1561 err=1348
MISMATCH at sample 253: rtl=-139 golden=-1468 err=1329
MISMATCH at sample 254: rtl=34 golden=-1503 err=1537
MISMATCH at sample 255: rtl=-9 golden=-1486 err=1477
MISMATCH at sample 256: rtl=150 golden=-1474 err=1624
MISMATCH at sample 257: rtl=56 golden=-1449 err=1505
MISMATCH at sample 258: rtl=239 golden=-1400 err=1639
MISMATCH at sample 259: rtl=205 golden=-1494 err=1699
MISMATCH at sample 260: rtl=271 golden=-1409 err=1680
MISMATCH at sample 261: rtl=332 golden=-1400 err=1732
MISMATCH at sample 262: rtl=336 golden=-1391 err=1727
MISMATCH at sample 263: rtl=544 golden=-1349 err=1893
MISMATCH at sample 264: rtl=478 golden=-1354 err=1832
MISMATCH at sample 265: rtl=613 golden=-1266 err=1879
MISMATCH at sample 266: rtl=652 golden=-1177 err=1829
MISMATCH at sample 267: rtl=766 golden=-1123 err=1889
MISMATCH at sample 268: rtl=861 golden=-973 err=1834
MISMATCH at sample 269: rtl=852 golden=-934 err=1786
MISMATCH at sample 270: rtl=1023 golden=-757 err=1780
MISMATCH at sample 271: rtl=971 golden=-740 err=1711
MISMATCH at sample 272: rtl=1165 golden=-629 err=1794
MISMATCH at sample 273: rtl=1121 golden=-597 err=1718
MISMATCH at sample 274: rtl=1117 golden=-464 err=1581
MISMATCH at sample 275: rtl=1320 golden=-412 err=1732
MISMATCH at sample 276: rtl=1223 golden=-289 err=1512
MISMATCH at sample 277: rtl=1395 golden=-214 err=1609
MISMATCH at sample 278: rtl=1393 golden=-140 err=1533
MISMATCH at sample 279: rtl=1413 golden=34 err=1379
MISMATCH at sample 280: rtl=1626 golden=-10 err=1636
MISMATCH at sample 281: rtl=1518 golden=150 err=1368
MISMATCH at sample 282: rtl=1639 golden=56 err=1583
MISMATCH at sample 283: rtl=1688 golden=239 err=1449
MISMATCH at sample 284: rtl=1680 golden=205 err=1475
MISMATCH at sample 285: rtl=1815 golden=271 err=1544
MISMATCH at sample 286: rtl=1754 golden=332 err=1422
MISMATCH at sample 287: rtl=1892 golden=336 err=1556
MISMATCH at sample 288: rtl=1899 golden=544 err=1355
MISMATCH at sample 289: rtl=1961 golden=478 err=1483
MISMATCH at sample 290: rtl=1988 golden=613 err=1375
MISMATCH at sample 291: rtl=2007 golden=652 err=1355
MISMATCH at sample 292: rtl=2032 golden=766 err=1266
MISMATCH at sample 293: rtl=1997 golden=861 err=1136
MISMATCH at sample 294: rtl=2012 golden=852 err=1160
MISMATCH at sample 295: rtl=1928 golden=1023 err=905
MISMATCH at sample 296: rtl=1966 golden=971 err=995
MISMATCH at sample 297: rtl=1876 golden=1165 err=711
MISMATCH at sample 298: rtl=1913 golden=1121 err=792
MISMATCH at sample 299: rtl=1886 golden=1117 err=769
MISMATCH at sample 300: rtl=1875 golden=1320 err=555
MISMATCH at sample 301: rtl=1942 golden=1223 err=719
MISMATCH at sample 302: rtl=1832 golden=1395 err=437
MISMATCH at sample 303: rtl=1934 golden=1393 err=541
MISMATCH at sample 304: rtl=1752 golden=1413 err=339
MISMATCH at sample 305: rtl=1821 golden=1626 err=195
MISMATCH at sample 306: rtl=1687 golden=1518 err=169
MISMATCH at sample 307: rtl=1620 golden=1639 err=19
MISMATCH at sample 308: rtl=1616 golden=1688 err=72
MISMATCH at sample 309: rtl=1446 golden=1680 err=234
MISMATCH at sample 310: rtl=1499 golden=1815 err=316
MISMATCH at sample 311: rtl=1351 golden=1754 err=403
MISMATCH at sample 312: rtl=1318 golden=1892 err=574
MISMATCH at sample 313: rtl=1213 golden=1899 err=686
MISMATCH at sample 314: rtl=1179 golden=1961 err=782
MISMATCH at sample 315: rtl=1111 golden=1988 err=877
MISMATCH at sample 316: rtl=971 golden=2007 err=1036
MISMATCH at sample 317: rtl=996 golden=2032 err=1036
MISMATCH at sample 318: rtl=830 golden=1997 err=1167
MISMATCH at sample 319: rtl=911 golden=2012 err=1101
MISMATCH at sample 320: rtl=750 golden=1928 err=1178
MISMATCH at sample 321: rtl=631 golden=1966 err=1335
MISMATCH at sample 322: rtl=693 golden=1876 err=1183
MISMATCH at sample 323: rtl=417 golden=1913 err=1496
MISMATCH at sample 324: rtl=453 golden=1886 err=1433
MISMATCH at sample 325: rtl=313 golden=1875 err=1562
MISMATCH at sample 326: rtl=117 golden=1942 err=1825
MISMATCH at sample 327: rtl=262 golden=1832 err=1570
MISMATCH at sample 328: rtl=-34 golden=1934 err=1968
MISMATCH at sample 329: rtl=45 golden=1752 err=1707
MISMATCH at sample 330: rtl=-42 golden=1821 err=1863
MISMATCH at sample 331: rtl=-150 golden=1687 err=1837
MISMATCH at sample 332: rtl=-111 golden=1620 err=1731
MISMATCH at sample 333: rtl=-313 golden=1616 err=1929
MISMATCH at sample 334: rtl=-307 golden=1446 err=1753
MISMATCH at sample 335: rtl=-482 golden=1499 err=1981
MISMATCH at sample 336: rtl=-604 golden=1351 err=1955
MISMATCH at sample 337: rtl=-697 golden=1318 err=2015
MISMATCH at sample 338: rtl=-829 golden=1213 err=2042
MISMATCH at sample 339: rtl=-956 golden=1179 err=2135
MISMATCH at sample 340: rtl=-994 golden=1111 err=2105
MISMATCH at sample 341: rtl=-1136 golden=971 err=2107
MISMATCH at sample 342: rtl=-1165 golden=996 err=2161
MISMATCH at sample 343: rtl=-1251 golden=830 err=2081
MISMATCH at sample 344: rtl=-1381 golden=911 err=2292
MISMATCH at sample 345: rtl=-1346 golden=750 err=2096
MISMATCH at sample 346: rtl=-1472 golden=631 err=2103
MISMATCH at sample 347: rtl=-1501 golden=693 err=2194
MISMATCH at sample 348: rtl=-1541 golden=417 err=1958
MISMATCH at sample 349: rtl=-1535 golden=453 err=1988
MISMATCH at sample 350: rtl=-1543 golden=313 err=1856
MISMATCH at sample 351: rtl=-1518 golden=117 err=1635
MISMATCH at sample 352: rtl=-1555 golden=262 err=1817
MISMATCH at sample 353: rtl=-1531 golden=-35 err=1496
MISMATCH at sample 354: rtl=-1559 golden=45 err=1604
MISMATCH at sample 355: rtl=-1620 golden=-43 err=1577
MISMATCH at sample 356: rtl=-1587 golden=-150 err=1437
MISMATCH at sample 357: rtl=-1753 golden=-112 err=1641
MISMATCH at sample 358: rtl=-1696 golden=-314 err=1382
MISMATCH at sample 359: rtl=-1775 golden=-308 err=1467
MISMATCH at sample 360: rtl=-1857 golden=-483 err=1374
MISMATCH at sample 361: rtl=-1824 golden=-605 err=1219
MISMATCH at sample 362: rtl=-1894 golden=-698 err=1196
MISMATCH at sample 363: rtl=-1897 golden=-830 err=1067
MISMATCH at sample 364: rtl=-1869 golden=-957 err=912
MISMATCH at sample 365: rtl=-1926 golden=-995 err=931
MISMATCH at sample 366: rtl=-1869 golden=-1137 err=732
MISMATCH at sample 367: rtl=-1866 golden=-1166 err=700
MISMATCH at sample 368: rtl=-1862 golden=-1252 err=610
MISMATCH at sample 369: rtl=-1789 golden=-1382 err=407
MISMATCH at sample 370: rtl=-1792 golden=-1347 err=445
MISMATCH at sample 371: rtl=-1685 golden=-1473 err=212
MISMATCH at sample 372: rtl=-1611 golden=-1502 err=109
MISMATCH at sample 373: rtl=-1553 golden=-1542 err=11
MISMATCH at sample 374: rtl=-1391 golden=-1536 err=145
MISMATCH at sample 375: rtl=-1377 golden=-1544 err=167
MISMATCH at sample 376: rtl=-1220 golden=-1519 err=299
MISMATCH at sample 377: rtl=-1176 golden=-1556 err=380
MISMATCH at sample 378: rtl=-1082 golden=-1532 err=450
MISMATCH at sample 379: rtl=-1019 golden=-1560 err=541
MISMATCH at sample 380: rtl=-949 golden=-1621 err=672
MISMATCH at sample 381: rtl=-868 golden=-1588 err=720
MISMATCH at sample 382: rtl=-757 golden=-1754 err=997
MISMATCH at sample 383: rtl=-665 golden=-1697 err=1032
MISMATCH at sample 384: rtl=-649 golden=-1776 err=1127
MISMATCH at sample 385: rtl=-486 golden=-1858 err=1372
MISMATCH at sample 386: rtl=-573 golden=-1825 err=1252
MISMATCH at sample 387: rtl=-431 golden=-1895 err=1464
MISMATCH at sample 388: rtl=-454 golden=-1898 err=1444
MISMATCH at sample 389: rtl=-431 golden=-1870 err=1439
MISMATCH at sample 390: rtl=-276 golden=-1927 err=1651
MISMATCH at sample 391: rtl=-225 golden=-1870 err=1645
MISMATCH at sample 392: rtl=-24 golden=-1867 err=1843
MISMATCH at sample 393: rtl=191 golden=-1863 err=2054
MISMATCH at sample 394: rtl=367 golden=-1790 err=2157
MISMATCH at sample 395: rtl=618 golden=-1793 err=2411
MISMATCH at sample 396: rtl=769 golden=-1686 err=2455
MISMATCH at sample 397: rtl=961 golden=-1612 err=2573
MISMATCH at sample 398: rtl=1035 golden=-1554 err=2589
MISMATCH at sample 399: rtl=1065 golden=-1392 err=2457
MISMATCH at sample 400: rtl=1155 golden=-1378 err=2533
MISMATCH at sample 401: rtl=1084 golden=-1221 err=2305
MISMATCH at sample 402: rtl=1209 golden=-1177 err=2386
MISMATCH at sample 403: rtl=1191 golden=-1083 err=2274
MISMATCH at sample 404: rtl=1249 golden=-1020 err=2269
MISMATCH at sample 405: rtl=1396 golden=-950 err=2346
MISMATCH at sample 406: rtl=1379 golden=-869 err=2248
MISMATCH at sample 407: rtl=1619 golden=-758 err=2377
MISMATCH at sample 408: rtl=1558 golden=-666 err=2224
MISMATCH at sample 409: rtl=1661 golden=-650 err=2311
MISMATCH at sample 410: rtl=1747 golden=-487 err=2234
MISMATCH at sample 411: rtl=1645 golden=-574 err=2219
MISMATCH at sample 412: rtl=1827 golden=-432 err=2259
MISMATCH at sample 413: rtl=1640 golden=-455 err=2095
MISMATCH at sample 414: rtl=1760 golden=-432 err=2192
MISMATCH at sample 415: rtl=1763 golden=-277 err=2040
MISMATCH at sample 416: rtl=1731 golden=-226 err=1957
MISMATCH at sample 417: rtl=1832 golden=-25 err=1857
MISMATCH at sample 418: rtl=1772 golden=191 err=1581
MISMATCH at sample 419: rtl=1887 golden=367 err=1520
MISMATCH at sample 420: rtl=1864 golden=618 err=1246
MISMATCH at sample 421: rtl=1864 golden=769 err=1095
MISMATCH at sample 422: rtl=1900 golden=961 err=939
MISMATCH at sample 423: rtl=1809 golden=1035 err=774
MISMATCH at sample 424: rtl=1890 golden=1065 err=825
MISMATCH at sample 425: rtl=1726 golden=1155 err=571
MISMATCH at sample 426: rtl=1766 golden=1084 err=682
MISMATCH at sample 427: rtl=1722 golden=1209 err=513
MISMATCH at sample 428: rtl=1674 golden=1191 err=483
MISMATCH at sample 429: rtl=1736 golden=1249 err=487
MISMATCH at sample 430: rtl=1603 golden=1396 err=207
MISMATCH at sample 431: rtl=1656 golden=1379 err=277
MISMATCH at sample 432: rtl=1552 golden=1619 err=67
MISMATCH at sample 433: rtl=1490 golden=1558 err=68
MISMATCH at sample 434: rtl=1384 golden=1661 err=277
MISMATCH at sample 435: rtl=1167 golden=1747 err=580
MISMATCH at sample 436: rtl=1116 golden=1645 err=529
MISMATCH at sample 437: rtl=864 golden=1827 err=963
MISMATCH at sample 438: rtl=686 golden=1640 err=954
MISMATCH at sample 439: rtl=487 golden=1760 err=1273
MISMATCH at sample 440: rtl=247 golden=1763 err=1516
MISMATCH at sample 441: rtl=114 golden=1731 err=1617
MISMATCH at sample 442: rtl=-111 golden=1832 err=1943
MISMATCH at sample 443: rtl=-179 golden=1772 err=1951
MISMATCH at sample 444: rtl=-329 golden=1887 err=2216
MISMATCH at sample 445: rtl=-345 golden=1864 err=2209
MISMATCH at sample 446: rtl=-427 golden=1864 err=2291
MISMATCH at sample 447: rtl=-495 golden=1900 err=2395
MISMATCH at sample 448: rtl=-477 golden=1809 err=2286
MISMATCH at sample 449: rtl=-657 golden=1890 err=2547
MISMATCH at sample 450: rtl=-695 golden=1726 err=2421
MISMATCH at sample 451: rtl=-827 golden=1766 err=2593
MISMATCH at sample 452: rtl=-946 golden=1722 err=2668
MISMATCH at sample 453: rtl=-1084 golden=1674 err=2758
MISMATCH at sample 454: rtl=-1147 golden=1736 err=2883
MISMATCH at sample 455: rtl=-1240 golden=1603 err=2843
MISMATCH at sample 456: rtl=-1304 golden=1656 err=2960
MISMATCH at sample 457: rtl=-1262 golden=1552 err=2814
MISMATCH at sample 458: rtl=-1478 golden=1490 err=2968
MISMATCH at sample 459: rtl=-1306 golden=1384 err=2690
MISMATCH at sample 460: rtl=-1508 golden=1167 err=2675
MISMATCH at sample 461: rtl=-1521 golden=1116 err=2637
MISMATCH at sample 462: rtl=-1570 golden=864 err=2434
MISMATCH at sample 463: rtl=-1721 golden=686 err=2407
MISMATCH at sample 464: rtl=-1704 golden=487 err=2191
MISMATCH at sample 465: rtl=-1836 golden=247 err=2083
MISMATCH at sample 466: rtl=-1846 golden=114 err=1960
MISMATCH at sample 467: rtl=-1878 golden=-112 err=1766
MISMATCH at sample 468: rtl=-1868 golden=-180 err=1688
MISMATCH at sample 469: rtl=-1871 golden=-330 err=1541
MISMATCH at sample 470: rtl=-1838 golden=-346 err=1492
MISMATCH at sample 471: rtl=-1799 golden=-428 err=1371
MISMATCH at sample 472: rtl=-1848 golden=-496 err=1352
MISMATCH at sample 473: rtl=-1776 golden=-478 err=1298
MISMATCH at sample 474: rtl=-1849 golden=-658 err=1191
MISMATCH at sample 475: rtl=-1811 golden=-696 err=1115
MISMATCH at sample 476: rtl=-1755 golden=-828 err=927
MISMATCH at sample 477: rtl=-1808 golden=-947 err=861
MISMATCH at sample 478: rtl=-1640 golden=-1085 err=555
MISMATCH at sample 479: rtl=-1707 golden=-1148 err=559
MISMATCH at sample 480: rtl=-1590 golden=-1241 err=349
MISMATCH at sample 481: rtl=-1480 golden=-1305 err=175
MISMATCH at sample 482: rtl=-1435 golden=-1263 err=172
MISMATCH at sample 483: rtl=-1304 golden=-1479 err=175
MISMATCH at sample 484: rtl=-1186 golden=-1307 err=121
MISMATCH at sample 485: rtl=-1072 golden=-1509 err=437
MISMATCH at sample 486: rtl=-884 golden=-1522 err=638
MISMATCH at sample 487: rtl=-721 golden=-1571 err=850
MISMATCH at sample 488: rtl=-682 golden=-1722 err=1040
MISMATCH at sample 489: rtl=-435 golden=-1705 err=1270
MISMATCH at sample 490: rtl=-335 golden=-1837 err=1502
MISMATCH at sample 491: rtl=-212 golden=-1847 err=1635
MISMATCH at sample 492: rtl=8 golden=-1879 err=1887
MISMATCH at sample 493: rtl=29 golden=-1869 err=1898
MISMATCH at sample 494: rtl=321 golden=-1872 err=2193
MISMATCH at sample 495: rtl=428 golden=-1839 err=2267
MISMATCH at sample 496: rtl=585 golden=-1800 err=2385
MISMATCH at sample 497: rtl=761 golden=-1849 err=2610
MISMATCH at sample 498: rtl=827 golden=-1777 err=2604
MISMATCH at sample 499: rtl=1015 golden=-1850 err=2865
MISMATCH at sample 500: rtl=1124 golden=-1812 err=2936
MISMATCH at sample 501: rtl=1132 golden=-1756 err=2888
MISMATCH at sample 502: rtl=1394 golden=-1809 err=3203
MISMATCH at sample 503: rtl=1387 golden=-1641 err=3028
MISMATCH at sample 504: rtl=1570 golden=-1708 err=3278
MISMATCH at sample 505: rtl=1655 golden=-1591 err=3246
MISMATCH at sample 506: rtl=1655 golden=-1481 err=3136
MISMATCH at sample 507: rtl=1837 golden=-1436 err=3273
MISMATCH at sample 508: rtl=1750 golden=-1305 err=3055
MISMATCH at sample 509: rtl=1861 golden=-1187 err=3048
MISMATCH at sample 510: rtl=1779 golden=-1073 err=2852
MISMATCH at sample 511: rtl=1834 golden=-885 err=2719
MISMATCH at sample 512: rtl=1762 golden=-722 err=2484
MISMATCH at sample 513: rtl=1839 golden=-683 err=2522
MISMATCH at sample 514: rtl=1716 golden=-436 err=2152
MISMATCH at sample 515: rtl=1761 golden=-336 err=2097
MISMATCH at sample 516: rtl=1669 golden=-212 err=1881
MISMATCH at sample 517: rtl=1662 golden=8 err=1654
MISMATCH at sample 518: rtl=1628 golden=29 err=1599
MISMATCH at sample 519: rtl=1518 golden=321 err=1197
MISMATCH at sample 520: rtl=1596 golden=428 err=1168
MISMATCH at sample 521: rtl=1454 golden=585 err=869
MISMATCH at sample 522: rtl=1554 golden=761 err=793
MISMATCH at sample 523: rtl=1435 golden=827 err=608
MISMATCH at sample 524: rtl=1484 golden=1015 err=469
MISMATCH at sample 525: rtl=1404 golden=1124 err=280
MISMATCH at sample 526: rtl=1403 golden=1132 err=271
MISMATCH at sample 527: rtl=1322 golden=1394 err=72
MISMATCH at sample 528: rtl=1239 golden=1387 err=148
MISMATCH at sample 529: rtl=1254 golden=1570 err=316
MISMATCH at sample 530: rtl=1057 golden=1655 err=598
MISMATCH at sample 531: rtl=1067 golden=1655 err=588
MISMATCH at sample 532: rtl=827 golden=1837 err=1010
MISMATCH at sample 533: rtl=729 golden=1750 err=1021
MISMATCH at sample 534: rtl=530 golden=1861 err=1331
MISMATCH at sample 535: rtl=251 golden=1779 err=1528
MISMATCH at sample 536: rtl=109 golden=1834 err=1725
MISMATCH at sample 537: rtl=-153 golden=1762 err=1915
MISMATCH at sample 538: rtl=-285 golden=1839 err=2124
MISMATCH at sample 539: rtl=-481 golden=1716 err=2197
MISMATCH at sample 540: rtl=-558 golden=1761 err=2319
MISMATCH at sample 541: rtl=-676 golden=1669 err=2345
MISMATCH at sample 542: rtl=-731 golden=1662 err=2393
MISMATCH at sample 543: rtl=-860 golden=1628 err=2488
MISMATCH at sample 544: rtl=-928 golden=1518 err=2446
MISMATCH at sample 545: rtl=-1018 golden=1596 err=2614
MISMATCH at sample 546: rtl=-1171 golden=1454 err=2625
MISMATCH at sample 547: rtl=-1275 golden=1554 err=2829
MISMATCH at sample 548: rtl=-1429 golden=1435 err=2864
MISMATCH at sample 549: rtl=-1493 golden=1484 err=2977
MISMATCH at sample 550: rtl=-1630 golden=1404 err=3034
MISMATCH at sample 551: rtl=-1730 golden=1403 err=3133
MISMATCH at sample 552: rtl=-1725 golden=1322 err=3047
MISMATCH at sample 553: rtl=-1814 golden=1239 err=3053
MISMATCH at sample 554: rtl=-1793 golden=1254 err=3047
MISMATCH at sample 555: rtl=-1810 golden=1057 err=2867
MISMATCH at sample 556: rtl=-1851 golden=1067 err=2918
MISMATCH at sample 557: rtl=-1773 golden=827 err=2600
MISMATCH at sample 558: rtl=-1883 golden=729 err=2612
MISMATCH at sample 559: rtl=-1865 golden=530 err=2395
MISMATCH at sample 560: rtl=-1857 golden=251 err=2108
MISMATCH at sample 561: rtl=-1866 golden=109 err=1975
MISMATCH at sample 562: rtl=-1848 golden=-154 err=1694
MISMATCH at sample 563: rtl=-1806 golden=-286 err=1520
MISMATCH at sample 564: rtl=-1784 golden=-482 err=1302
MISMATCH at sample 565: rtl=-1615 golden=-559 err=1056
MISMATCH at sample 566: rtl=-1620 golden=-677 err=943
MISMATCH at sample 567: rtl=-1495 golden=-732 err=763
MISMATCH at sample 568: rtl=-1392 golden=-861 err=531
MISMATCH at sample 569: rtl=-1321 golden=-929 err=392
MISMATCH at sample 570: rtl=-1161 golden=-1019 err=142
MISMATCH at sample 571: rtl=-1226 golden=-1172 err=54
MISMATCH at sample 572: rtl=-970 golden=-1276 err=306
MISMATCH at sample 573: rtl=-932 golden=-1430 err=498
MISMATCH at sample 574: rtl=-846 golden=-1494 err=648
MISMATCH at sample 575: rtl=-677 golden=-1631 err=954
MISMATCH at sample 576: rtl=-575 golden=-1731 err=1156
MISMATCH at sample 577: rtl=-420 golden=-1726 err=1306
MISMATCH at sample 578: rtl=-161 golden=-1815 err=1654
MISMATCH at sample 579: rtl=-155 golden=-1794 err=1639
MISMATCH at sample 580: rtl=148 golden=-1811 err=1959
MISMATCH at sample 581: rtl=285 golden=-1852 err=2137
MISMATCH at sample 582: rtl=432 golden=-1774 err=2206
MISMATCH at sample 583: rtl=686 golden=-1884 err=2570
MISMATCH at sample 584: rtl=664 golden=-1866 err=2530
MISMATCH at sample 585: rtl=984 golden=-1858 err=2842
MISMATCH at sample 586: rtl=965 golden=-1867 err=2832
MISMATCH at sample 587: rtl=1212 golden=-1849 err=3061
MISMATCH at sample 588: rtl=1156 golden=-1807 err=2963
MISMATCH at sample 589: rtl=1336 golden=-1785 err=3121
MISMATCH at sample 590: rtl=1369 golden=-1616 err=2985
MISMATCH at sample 591: rtl=1427 golden=-1621 err=3048
MISMATCH at sample 592: rtl=1548 golden=-1496 err=3044
MISMATCH at sample 593: rtl=1506 golden=-1393 err=2899
MISMATCH at sample 594: rtl=1715 golden=-1322 err=3037
MISMATCH at sample 595: rtl=1649 golden=-1162 err=2811
MISMATCH at sample 596: rtl=1781 golden=-1227 err=3008
MISMATCH at sample 597: rtl=1826 golden=-971 err=2797
MISMATCH at sample 598: rtl=1836 golden=-933 err=2769
MISMATCH at sample 599: rtl=1879 golden=-847 err=2726
MISMATCH at sample 600: rtl=1899 golden=-678 err=2577
MISMATCH at sample 601: rtl=1834 golden=-576 err=2410
MISMATCH at sample 602: rtl=1896 golden=-421 err=2317
MISMATCH at sample 603: rtl=1795 golden=-162 err=1957
MISMATCH at sample 604: rtl=1722 golden=-156 err=1878
MISMATCH at sample 605: rtl=1683 golden=148 err=1535
MISMATCH at sample 606: rtl=1559 golden=285 err=1274
MISMATCH at sample 607: rtl=1535 golden=432 err=1103
MISMATCH at sample 608: rtl=1440 golden=686 err=754
MISMATCH at sample 609: rtl=1255 golden=664 err=591
MISMATCH at sample 610: rtl=1195 golden=984 err=211
MISMATCH at sample 611: rtl=1084 golden=965 err=119
MISMATCH at sample 612: rtl=921 golden=1212 err=291
MISMATCH at sample 613: rtl=698 golden=1156 err=458
MISMATCH at sample 614: rtl=568 golden=1336 err=768
MISMATCH at sample 615: rtl=395 golden=1369 err=974
MISMATCH at sample 616: rtl=228 golden=1427 err=1199
MISMATCH at sample 617: rtl=94 golden=1548 err=1454
MISMATCH at sample 618: rtl=-98 golden=1506 err=1604
MISMATCH at sample 619: rtl=-107 golden=1715 err=1822
MISMATCH at sample 620: rtl=-291 golden=1649 err=1940
MISMATCH at sample 621: rtl=-418 golden=1781 err=2199
MISMATCH at sample 622: rtl=-481 golden=1826 err=2307
MISMATCH at sample 623: rtl=-721 golden=1836 err=2557
MISMATCH at sample 624: rtl=-814 golden=1879 err=2693
MISMATCH at sample 625: rtl=-1067 golden=1899 err=2966
MISMATCH at sample 626: rtl=-1106 golden=1834 err=2940
MISMATCH at sample 627: rtl=-1326 golden=1896 err=3222
MISMATCH at sample 628: rtl=-1366 golden=1795 err=3161
MISMATCH at sample 629: rtl=-1511 golden=1722 err=3233
MISMATCH at sample 630: rtl=-1515 golden=1683 err=3198
MISMATCH at sample 631: rtl=-1564 golden=1559 err=3123
MISMATCH at sample 632: rtl=-1671 golden=1535 err=3206
MISMATCH at sample 633: rtl=-1622 golden=1440 err=3062
MISMATCH at sample 634: rtl=-1780 golden=1255 err=3035
MISMATCH at sample 635: rtl=-1718 golden=1195 err=2913
MISMATCH at sample 636: rtl=-1847 golden=1084 err=2931
MISMATCH at sample 637: rtl=-1848 golden=921 err=2769
MISMATCH at sample 638: rtl=-1881 golden=698 err=2579
MISMATCH at sample 639: rtl=-1871 golden=568 err=2439
MISMATCH at sample 640: rtl=-1919 golden=395 err=2314
MISMATCH at sample 641: rtl=-1885 golden=228 err=2113
MISMATCH at sample 642: rtl=-1899 golden=94 err=1993
MISMATCH at sample 643: rtl=-1845 golden=-99 err=1746
MISMATCH at sample 644: rtl=-1818 golden=-108 err=1710
MISMATCH at sample 645: rtl=-1763 golden=-292 err=1471
MISMATCH at sample 646: rtl=-1655 golden=-419 err=1236
MISMATCH at sample 647: rtl=-1566 golden=-482 err=1084
MISMATCH at sample 648: rtl=-1344 golden=-722 err=622
MISMATCH at sample 649: rtl=-1310 golden=-815 err=495
MISMATCH at sample 650: rtl=-1049 golden=-1068 err=19
MISMATCH at sample 651: rtl=-850 golden=-1107 err=257
MISMATCH at sample 652: rtl=-610 golden=-1327 err=717
MISMATCH at sample 653: rtl=-412 golden=-1367 err=955
MISMATCH at sample 654: rtl=-148 golden=-1512 err=1364
MISMATCH at sample 655: rtl=71 golden=-1516 err=1587
MISMATCH at sample 656: rtl=316 golden=-1565 err=1881
MISMATCH at sample 657: rtl=537 golden=-1672 err=2209
MISMATCH at sample 658: rtl=664 golden=-1623 err=2287
MISMATCH at sample 659: rtl=875 golden=-1781 err=2656
MISMATCH at sample 660: rtl=979 golden=-1719 err=2698
MISMATCH at sample 661: rtl=1116 golden=-1848 err=2964
MISMATCH at sample 662: rtl=1227 golden=-1849 err=3076
MISMATCH at sample 663: rtl=1334 golden=-1882 err=3216
MISMATCH at sample 664: rtl=1396 golden=-1872 err=3268
MISMATCH at sample 665: rtl=1543 golden=-1920 err=3463
MISMATCH at sample 666: rtl=1587 golden=-1886 err=3473
MISMATCH at sample 667: rtl=1719 golden=-1900 err=3619
MISMATCH at sample 668: rtl=1742 golden=-1846 err=3588
MISMATCH at sample 669: rtl=1736 golden=-1819 err=3555
MISMATCH at sample 670: rtl=1827 golden=-1764 err=3591
MISMATCH at sample 671: rtl=1738 golden=-1655 err=3393
MISMATCH at sample 672: rtl=1734 golden=-1567 err=3301
MISMATCH at sample 673: rtl=1666 golden=-1345 err=3011
MISMATCH at sample 674: rtl=1523 golden=-1311 err=2834
MISMATCH at sample 675: rtl=1615 golden=-1050 err=2665
MISMATCH at sample 676: rtl=1469 golden=-851 err=2320
MISMATCH at sample 677: rtl=1482 golden=-611 err=2093
MISMATCH at sample 678: rtl=1476 golden=-413 err=1889
MISMATCH at sample 679: rtl=1414 golden=-149 err=1563
MISMATCH at sample 680: rtl=1467 golden=71 err=1396
MISMATCH at sample 681: rtl=1346 golden=316 err=1030
MISMATCH at sample 682: rtl=1273 golden=537 err=736
MISMATCH at sample 683: rtl=1163 golden=664 err=499
MISMATCH at sample 684: rtl=1040 golden=875 err=165
MISMATCH at sample 685: rtl=933 golden=979 err=46
MISMATCH at sample 686: rtl=689 golden=1116 err=427
MISMATCH at sample 687: rtl=642 golden=1227 err=585
MISMATCH at sample 688: rtl=397 golden=1334 err=937
MISMATCH at sample 689: rtl=309 golden=1396 err=1087
MISMATCH at sample 690: rtl=82 golden=1543 err=1461
MISMATCH at sample 691: rtl=-122 golden=1587 err=1709
MISMATCH at sample 692: rtl=-300 golden=1719 err=2019
MISMATCH at sample 693: rtl=-550 golden=1742 err=2292
MISMATCH at sample 694: rtl=-718 golden=1736 err=2454
MISMATCH at sample 695: rtl=-949 golden=1827 err=2776
MISMATCH at sample 696: rtl=-1121 golden=1738 err=2859
MISMATCH at sample 697: rtl=-1253 golden=1734 err=2987
MISMATCH at sample 698: rtl=-1367 golden=1666 err=3033
MISMATCH at sample 699: rtl=-1500 golden=1523 err=3023
MISMATCH at sample 700: rtl=-1595 golden=1615 err=3210
MISMATCH at sample 701: rtl=-1622 golden=1469 err=3091
MISMATCH at sample 702: rtl=-1710 golden=1482 err=3192
MISMATCH at sample 703: rtl=-1736 golden=1476 err=3212
MISMATCH at sample 704: rtl=-1808 golden=1414 err=3222
MISMATCH at sample 705: rtl=-1809 golden=1467 err=3276
MISMATCH at sample 706: rtl=-1796 golden=1346 err=3142
MISMATCH at sample 707: rtl=-1872 golden=1273 err=3145
MISMATCH at sample 708: rtl=-1794 golden=1163 err=2957
MISMATCH at sample 709: rtl=-1878 golden=1040 err=2918
MISMATCH at sample 710: rtl=-1755 golden=933 err=2688
MISMATCH at sample 711: rtl=-1785 golden=689 err=2474
MISMATCH at sample 712: rtl=-1681 golden=642 err=2323
MISMATCH at sample 713: rtl=-1610 golden=397 err=2007
MISMATCH at sample 714: rtl=-1576 golden=309 err=1885
MISMATCH at sample 715: rtl=-1444 golden=82 err=1526
MISMATCH at sample 716: rtl=-1372 golden=-123 err=1249
MISMATCH at sample 717: rtl=-1237 golden=-301 err=936
MISMATCH at sample 718: rtl=-1145 golden=-551 err=594
MISMATCH at sample 719: rtl=-1081 golden=-719 err=362
MISMATCH at sample 720: rtl=-883 golden=-950 err=67
MISMATCH at sample 721: rtl=-687 golden=-1122 err=435
MISMATCH at sample 722: rtl=-492 golden=-1254 err=762
MISMATCH at sample 723: rtl=-317 golden=-1368 err=1051
MISMATCH at sample 724: rtl=-69 golden=-1501 err=1432
MISMATCH at sample 725: rtl=167 golden=-1596 err=1763
MISMATCH at sample 726: rtl=388 golden=-1623 err=2011
MISMATCH at sample 727: rtl=549 golden=-1711 err=2260
MISMATCH at sample 728: rtl=673 golden=-1737 err=2410
MISMATCH at sample 729: rtl=891 golden=-1809 err=2700
MISMATCH at sample 730: rtl=996 golden=-1810 err=2806
MISMATCH at sample 731: rtl=1223 golden=-1797 err=3020
MISMATCH at sample 732: rtl=1260 golden=-1872 err=3132
MISMATCH at sample 733: rtl=1488 golden=-1795 err=3283
MISMATCH at sample 734: rtl=1604 golden=-1879 err=3483
MISMATCH at sample 735: rtl=1740 golden=-1756 err=3496
MISMATCH at sample 736: rtl=1842 golden=-1786 err=3628
MISMATCH at sample 737: rtl=1869 golden=-1682 err=3551
MISMATCH at sample 738: rtl=1992 golden=-1611 err=3603
MISMATCH at sample 739: rtl=1964 golden=-1577 err=3541
MISMATCH at sample 740: rtl=2013 golden=-1445 err=3458
MISMATCH at sample 741: rtl=1931 golden=-1373 err=3304
MISMATCH at sample 742: rtl=1969 golden=-1238 err=3207
MISMATCH at sample 743: rtl=1831 golden=-1146 err=2977
MISMATCH at sample 744: rtl=1813 golden=-1082 err=2895
MISMATCH at sample 745: rtl=1709 golden=-884 err=2593
MISMATCH at sample 746: rtl=1596 golden=-688 err=2284
MISMATCH at sample 747: rtl=1648 golden=-493 err=2141
MISMATCH at sample 748: rtl=1442 golden=-318 err=1760
MISMATCH at sample 749: rtl=1506 golden=-70 err=1576
MISMATCH at sample 750: rtl=1369 golden=167 err=1202
MISMATCH at sample 751: rtl=1287 golden=388 err=899
MISMATCH at sample 752: rtl=1104 golden=549 err=555
MISMATCH at sample 753: rtl=932 golden=673 err=259
MISMATCH at sample 754: rtl=700 golden=891 err=191
MISMATCH at sample 755: rtl=424 golden=996 err=572
MISMATCH at sample 756: rtl=200 golden=1223 err=1023
MISMATCH at sample 757: rtl=-130 golden=1260 err=1390
MISMATCH at sample 758: rtl=-187 golden=1488 err=1675
MISMATCH at sample 759: rtl=-513 golden=1604 err=2117
MISMATCH at sample 760: rtl=-579 golden=1740 err=2319
MISMATCH at sample 761: rtl=-755 golden=1842 err=2597
MISMATCH at sample 762: rtl=-894 golden=1869 err=2763
MISMATCH at sample 763: rtl=-969 golden=1992 err=2961
MISMATCH at sample 764: rtl=-1218 golden=1964 err=3182
MISMATCH at sample 765: rtl=-1303 golden=2013 err=3316
MISMATCH at sample 766: rtl=-1494 golden=1931 err=3425
MISMATCH at sample 767: rtl=-1620 golden=1969 err=3589
MISMATCH at sample 768: rtl=-1745 golden=1831 err=3576
MISMATCH at sample 769: rtl=-1855 golden=1813 err=3668
MISMATCH at sample 770: rtl=-1895 golden=1709 err=3604
MISMATCH at sample 771: rtl=-1935 golden=1596 err=3531
MISMATCH at sample 772: rtl=-1905 golden=1648 err=3553
MISMATCH at sample 773: rtl=-1870 golden=1442 err=3312
MISMATCH at sample 774: rtl=-1802 golden=1506 err=3308
MISMATCH at sample 775: rtl=-1755 golden=1369 err=3124
MISMATCH at sample 776: rtl=-1670 golden=1287 err=2957
MISMATCH at sample 777: rtl=-1601 golden=1104 err=2705
MISMATCH at sample 778: rtl=-1515 golden=932 err=2447
MISMATCH at sample 779: rtl=-1435 golden=700 err=2135
MISMATCH at sample 780: rtl=-1309 golden=424 err=1733
MISMATCH at sample 781: rtl=-1189 golden=200 err=1389
MISMATCH at sample 782: rtl=-1022 golden=-131 err=891
MISMATCH at sample 783: rtl=-860 golden=-188 err=672
MISMATCH at sample 784: rtl=-694 golden=-514 err=180
MISMATCH at sample 785: rtl=-486 golden=-580 err=94
MISMATCH at sample 786: rtl=-334 golden=-756 err=422
MISMATCH at sample 787: rtl=-159 golden=-895 err=736
MISMATCH at sample 788: rtl=5 golden=-970 err=975
MISMATCH at sample 789: rtl=172 golden=-1219 err=1391
MISMATCH at sample 790: rtl=347 golden=-1304 err=1651
MISMATCH at sample 791: rtl=508 golden=-1495 err=2003
MISMATCH at sample 792: rtl=683 golden=-1621 err=2304
MISMATCH at sample 793: rtl=917 golden=-1746 err=2663
MISMATCH at sample 794: rtl=1035 golden=-1856 err=2891
MISMATCH at sample 795: rtl=1230 golden=-1896 err=3126
MISMATCH at sample 796: rtl=1361 golden=-1936 err=3297
MISMATCH at sample 797: rtl=1459 golden=-1906 err=3365
MISMATCH at sample 798: rtl=1585 golden=-1871 err=3456
MISMATCH at sample 799: rtl=1584 golden=-1803 err=3387
MISMATCH at sample 800: rtl=1606 golden=-1756 err=3362
MISMATCH at sample 801: rtl=1658 golden=-1671 err=3329
MISMATCH at sample 802: rtl=1613 golden=-1602 err=3215
MISMATCH at sample 803: rtl=1631 golden=-1516 err=3147
MISMATCH at sample 804: rtl=1612 golden=-1436 err=3048
MISMATCH at sample 805: rtl=1554 golden=-1310 err=2864
MISMATCH at sample 806: rtl=1677 golden=-1190 err=2867
MISMATCH at sample 807: rtl=1512 golden=-1023 err=2535
MISMATCH at sample 808: rtl=1566 golden=-861 err=2427
MISMATCH at sample 809: rtl=1457 golden=-695 err=2152
MISMATCH at sample 810: rtl=1255 golden=-487 err=1742
MISMATCH at sample 811: rtl=1297 golden=-335 err=1632
MISMATCH at sample 812: rtl=962 golden=-160 err=1122
MISMATCH at sample 813: rtl=893 golden=5 err=888
MISMATCH at sample 814: rtl=722 golden=172 err=550
MISMATCH at sample 815: rtl=527 golden=347 err=180
MISMATCH at sample 816: rtl=499 golden=508 err=9
MISMATCH at sample 817: rtl=236 golden=683 err=447
MISMATCH at sample 818: rtl=264 golden=917 err=653
MISMATCH at sample 819: rtl=-44 golden=1035 err=1079
MISMATCH at sample 820: rtl=-105 golden=1230 err=1335
MISMATCH at sample 821: rtl=-312 golden=1361 err=1673
MISMATCH at sample 822: rtl=-479 golden=1459 err=1938
MISMATCH at sample 823: rtl=-623 golden=1585 err=2208
MISMATCH at sample 824: rtl=-882 golden=1584 err=2466
MISMATCH at sample 825: rtl=-968 golden=1606 err=2574
MISMATCH at sample 826: rtl=-1196 golden=1658 err=2854
MISMATCH at sample 827: rtl=-1220 golden=1613 err=2833
MISMATCH at sample 828: rtl=-1511 golden=1631 err=3142
MISMATCH at sample 829: rtl=-1541 golden=1612 err=3153
MISMATCH at sample 830: rtl=-1659 golden=1554 err=3213
MISMATCH at sample 831: rtl=-1786 golden=1677 err=3463
MISMATCH at sample 832: rtl=-1765 golden=1512 err=3277
MISMATCH at sample 833: rtl=-1857 golden=1566 err=3423
MISMATCH at sample 834: rtl=-1843 golden=1457 err=3300
MISMATCH at sample 835: rtl=-1758 golden=1255 err=3013
MISMATCH at sample 836: rtl=-1828 golden=1297 err=3125
MISMATCH at sample 837: rtl=-1668 golden=962 err=2630
MISMATCH at sample 838: rtl=-1686 golden=893 err=2579
MISMATCH at sample 839: rtl=-1580 golden=722 err=2302
MISMATCH at sample 840: rtl=-1423 golden=527 err=1950
MISMATCH at sample 841: rtl=-1352 golden=499 err=1851
MISMATCH at sample 842: rtl=-1163 golden=236 err=1399
MISMATCH at sample 843: rtl=-947 golden=264 err=1211
MISMATCH at sample 844: rtl=-824 golden=-45 err=779
MISMATCH at sample 845: rtl=-535 golden=-106 err=429
MISMATCH at sample 846: rtl=-356 golden=-313 err=43
MISMATCH at sample 847: rtl=-184 golden=-480 err=296
MISMATCH at sample 848: rtl=158 golden=-624 err=782
MISMATCH at sample 849: rtl=229 golden=-883 err=1112
MISMATCH at sample 850: rtl=540 golden=-969 err=1509
MISMATCH at sample 851: rtl=631 golden=-1197 err=1828
MISMATCH at sample 852: rtl=824 golden=-1221 err=2045
MISMATCH at sample 853: rtl=1013 golden=-1512 err=2525
MISMATCH at sample 854: rtl=1111 golden=-1542 err=2653
MISMATCH at sample 855: rtl=1248 golden=-1660 err=2908
MISMATCH at sample 856: rtl=1395 golden=-1787 err=3182
MISMATCH at sample 857: rtl=1541 golden=-1766 err=3307
MISMATCH at sample 858: rtl=1613 golden=-1858 err=3471
MISMATCH at sample 859: rtl=1720 golden=-1844 err=3564
MISMATCH at sample 860: rtl=1722 golden=-1759 err=3481
MISMATCH at sample 861: rtl=1813 golden=-1829 err=3642
MISMATCH at sample 862: rtl=1774 golden=-1669 err=3443
MISMATCH at sample 863: rtl=1714 golden=-1687 err=3401
MISMATCH at sample 864: rtl=1633 golden=-1581 err=3214
MISMATCH at sample 865: rtl=1523 golden=-1424 err=2947
MISMATCH at sample 866: rtl=1416 golden=-1353 err=2769
MISMATCH at sample 867: rtl=1264 golden=-1164 err=2428
MISMATCH at sample 868: rtl=1077 golden=-948 err=2025
MISMATCH at sample 869: rtl=911 golden=-825 err=1736
MISMATCH at sample 870: rtl=773 golden=-536 err=1309
MISMATCH at sample 871: rtl=630 golden=-357 err=987
MISMATCH at sample 872: rtl=430 golden=-185 err=615
MISMATCH at sample 873: rtl=310 golden=158 err=152
MISMATCH at sample 874: rtl=122 golden=229 err=107
MISMATCH at sample 875: rtl=-67 golden=540 err=607
MISMATCH at sample 876: rtl=-183 golden=631 err=814
MISMATCH at sample 877: rtl=-544 golden=824 err=1368
MISMATCH at sample 878: rtl=-602 golden=1013 err=1615
MISMATCH at sample 879: rtl=-862 golden=1111 err=1973
MISMATCH at sample 880: rtl=-1067 golden=1248 err=2315
MISMATCH at sample 881: rtl=-1044 golden=1395 err=2439
MISMATCH at sample 882: rtl=-1394 golden=1541 err=2935
MISMATCH at sample 883: rtl=-1280 golden=1613 err=2893
MISMATCH at sample 884: rtl=-1530 golden=1720 err=3250
MISMATCH at sample 885: rtl=-1596 golden=1722 err=3318
MISMATCH at sample 886: rtl=-1614 golden=1813 err=3427
MISMATCH at sample 887: rtl=-1838 golden=1774 err=3612
MISMATCH at sample 888: rtl=-1758 golden=1714 err=3472
MISMATCH at sample 889: rtl=-1907 golden=1633 err=3540
MISMATCH at sample 890: rtl=-1810 golden=1523 err=3333
MISMATCH at sample 891: rtl=-1817 golden=1416 err=3233
MISMATCH at sample 892: rtl=-1661 golden=1264 err=2925
MISMATCH at sample 893: rtl=-1582 golden=1077 err=2659
MISMATCH at sample 894: rtl=-1394 golden=911 err=2305
MISMATCH at sample 895: rtl=-1286 golden=773 err=2059
MISMATCH at sample 896: rtl=-1090 golden=630 err=1720
MISMATCH at sample 897: rtl=-1025 golden=430 err=1455
MISMATCH at sample 898: rtl=-831 golden=310 err=1141
MISMATCH at sample 899: rtl=-747 golden=122 err=869
MISMATCH at sample 900: rtl=-610 golden=-68 err=542
MISMATCH at sample 901: rtl=-338 golden=-184 err=154
MISMATCH at sample 902: rtl=-265 golden=-545 err=280
MISMATCH at sample 903: rtl=136 golden=-603 err=739
MISMATCH at sample 904: rtl=208 golden=-863 err=1071
MISMATCH at sample 905: rtl=614 golden=-1068 err=1682
MISMATCH at sample 906: rtl=787 golden=-1045 err=1832
MISMATCH at sample 907: rtl=1004 golden=-1395 err=2399
MISMATCH at sample 908: rtl=1245 golden=-1281 err=2526
MISMATCH at sample 909: rtl=1353 golden=-1531 err=2884
MISMATCH at sample 910: rtl=1580 golden=-1597 err=3177
MISMATCH at sample 911: rtl=1652 golden=-1615 err=3267
MISMATCH at sample 912: rtl=1768 golden=-1839 err=3607
MISMATCH at sample 913: rtl=1854 golden=-1759 err=3613
MISMATCH at sample 914: rtl=1883 golden=-1908 err=3791
MISMATCH at sample 915: rtl=1946 golden=-1811 err=3757
MISMATCH at sample 916: rtl=1922 golden=-1818 err=3740
MISMATCH at sample 917: rtl=1924 golden=-1662 err=3586
MISMATCH at sample 918: rtl=1920 golden=-1583 err=3503
MISMATCH at sample 919: rtl=1889 golden=-1395 err=3284
MISMATCH at sample 920: rtl=1823 golden=-1287 err=3110
MISMATCH at sample 921: rtl=1740 golden=-1091 err=2831
MISMATCH at sample 922: rtl=1621 golden=-1026 err=2647
MISMATCH at sample 923: rtl=1371 golden=-832 err=2203
MISMATCH at sample 924: rtl=1263 golden=-748 err=2011
MISMATCH at sample 925: rtl=745 golden=-611 err=1356
MISMATCH at sample 926: rtl=664 golden=-339 err=1003
MISMATCH at sample 927: rtl=171 golden=-266 err=437
MISMATCH at sample 928: rtl=-46 golden=136 err=182
MISMATCH at sample 929: rtl=-274 golden=208 err=482
MISMATCH at sample 930: rtl=-671 golden=614 err=1285
MISMATCH at sample 931: rtl=-627 golden=787 err=1414
MISMATCH at sample 932: rtl=-954 golden=1004 err=1958
MISMATCH at sample 933: rtl=-896 golden=1245 err=2141
MISMATCH at sample 934: rtl=-1188 golden=1353 err=2541
MISMATCH at sample 935: rtl=-1103 golden=1580 err=2683
MISMATCH at sample 936: rtl=-1276 golden=1652 err=2928
MISMATCH at sample 937: rtl=-1362 golden=1768 err=3130
MISMATCH at sample 938: rtl=-1382 golden=1854 err=3236
MISMATCH at sample 939: rtl=-1641 golden=1883 err=3524
MISMATCH at sample 940: rtl=-1549 golden=1946 err=3495
MISMATCH at sample 941: rtl=-1756 golden=1922 err=3678
MISMATCH at sample 942: rtl=-1790 golden=1924 err=3714
MISMATCH at sample 943: rtl=-1851 golden=1920 err=3771
MISMATCH at sample 944: rtl=-1848 golden=1889 err=3737
MISMATCH at sample 945: rtl=-1835 golden=1823 err=3658
MISMATCH at sample 946: rtl=-1740 golden=1740 err=3480
MISMATCH at sample 947: rtl=-1665 golden=1621 err=3286
MISMATCH at sample 948: rtl=-1501 golden=1371 err=2872
MISMATCH at sample 949: rtl=-1288 golden=1263 err=2551
MISMATCH at sample 950: rtl=-1191 golden=745 err=1936
MISMATCH at sample 951: rtl=-922 golden=664 err=1586
MISMATCH at sample 952: rtl=-755 golden=171 err=926
MISMATCH at sample 953: rtl=-537 golden=-47 err=490
MISMATCH at sample 954: rtl=-313 golden=-275 err=38
MISMATCH at sample 955: rtl=-150 golden=-672 err=522
MISMATCH at sample 956: rtl=116 golden=-628 err=744
MISMATCH at sample 957: rtl=335 golden=-955 err=1290
MISMATCH at sample 958: rtl=530 golden=-897 err=1427
MISMATCH at sample 959: rtl=756 golden=-1189 err=1945
MISMATCH at sample 960: rtl=1023 golden=-1104 err=2127
MISMATCH at sample 961: rtl=1188 golden=-1277 err=2465
MISMATCH at sample 962: rtl=1349 golden=-1363 err=2712
MISMATCH at sample 963: rtl=1579 golden=-1383 err=2962
MISMATCH at sample 964: rtl=1608 golden=-1642 err=3250
MISMATCH at sample 965: rtl=1800 golden=-1550 err=3350
MISMATCH at sample 966: rtl=1785 golden=-1757 err=3542
MISMATCH at sample 967: rtl=1836 golden=-1791 err=3627
MISMATCH at sample 968: rtl=1939 golden=-1852 err=3791
MISMATCH at sample 969: rtl=1869 golden=-1849 err=3718
MISMATCH at sample 970: rtl=1905 golden=-1836 err=3741
MISMATCH at sample 971: rtl=1869 golden=-1741 err=3610
MISMATCH at sample 972: rtl=1796 golden=-1666 err=3462
MISMATCH at sample 973: rtl=1731 golden=-1502 err=3233
MISMATCH at sample 974: rtl=1573 golden=-1289 err=2862
MISMATCH at sample 975: rtl=1387 golden=-1192 err=2579
MISMATCH at sample 976: rtl=1207 golden=-923 err=2130
MISMATCH at sample 977: rtl=943 golden=-756 err=1699
MISMATCH at sample 978: rtl=686 golden=-538 err=1224
MISMATCH at sample 979: rtl=440 golden=-314 err=754
MISMATCH at sample 980: rtl=164 golden=-151 err=315
MISMATCH at sample 981: rtl=-77 golden=116 err=193
MISMATCH at sample 982: rtl=-334 golden=335 err=669
MISMATCH at sample 983: rtl=-561 golden=530 err=1091
MISMATCH at sample 984: rtl=-732 golden=756 err=1488
MISMATCH at sample 985: rtl=-989 golden=1023 err=2012
MISMATCH at sample 986: rtl=-1103 golden=1188 err=2291
MISMATCH at sample 987: rtl=-1281 golden=1349 err=2630
MISMATCH at sample 988: rtl=-1448 golden=1579 err=3027
MISMATCH at sample 989: rtl=-1491 golden=1608 err=3099
MISMATCH at sample 990: rtl=-1716 golden=1800 err=3516
MISMATCH at sample 991: rtl=-1723 golden=1785 err=3508
MISMATCH at sample 992: rtl=-1804 golden=1836 err=3640
MISMATCH at sample 993: rtl=-1899 golden=1939 err=3838
MISMATCH at sample 994: rtl=-1832 golden=1869 err=3701
MISMATCH at sample 995: rtl=-1867 golden=1905 err=3772
MISMATCH at sample 996: rtl=-1756 golden=1869 err=3625
MISMATCH at sample 997: rtl=-1642 golden=1796 err=3438
MISMATCH at sample 998: rtl=-1521 golden=1731 err=3252
MISMATCH at sample 999: rtl=-1309 golden=1573 err=2882
MISMATCH at sample 1000: rtl=-1167 golden=1387 err=2554
MISMATCH at sample 1001: rtl=-936 golden=1207 err=2143
MISMATCH at sample 1002: rtl=-845 golden=943 err=1788
MISMATCH at sample 1003: rtl=-550 golden=686 err=1236
MISMATCH at sample 1004: rtl=-468 golden=440 err=908
MISMATCH at sample 1005: rtl=-182 golden=164 err=346
MISMATCH at sample 1006: rtl=64 golden=-78 err=142
MISMATCH at sample 1007: rtl=264 golden=-335 err=599
MISMATCH at sample 1008: rtl=660 golden=-562 err=1222
MISMATCH at sample 1009: rtl=823 golden=-733 err=1556
MISMATCH at sample 1010: rtl=1163 golden=-990 err=2153
MISMATCH at sample 1011: rtl=1350 golden=-1104 err=2454
MISMATCH at sample 1012: rtl=1509 golden=-1282 err=2791
MISMATCH at sample 1013: rtl=1657 golden=-1449 err=3106
MISMATCH at sample 1014: rtl=1762 golden=-1492 err=3254
MISMATCH at sample 1015: rtl=1777 golden=-1717 err=3494
MISMATCH at sample 1016: rtl=1860 golden=-1724 err=3584
MISMATCH at sample 1017: rtl=1862 golden=-1805 err=3667
MISMATCH at sample 1018: rtl=1855 golden=-1900 err=3755
MISMATCH at sample 1019: rtl=1885 golden=-1833 err=3718
MISMATCH at sample 1020: rtl=1752 golden=-1868 err=3620
MISMATCH at sample 1021: rtl=1678 golden=-1757 err=3435
MISMATCH at sample 1022: rtl=1563 golden=-1643 err=3206
MISMATCH at sample 1023: rtl=1362 golden=-1522 err=2884
MISMATCH at sample 1024: rtl=1169 golden=-1310 err=2479
MISMATCH at sample 1025: rtl=955 golden=-1168 err=2123
MISMATCH at sample 1026: rtl=660 golden=-937 err=1597
MISMATCH at sample 1027: rtl=505 golden=-846 err=1351
MISMATCH at sample 1028: rtl=191 golden=-551 err=742
MISMATCH at sample 1029: rtl=25 golden=-469 err=494
MISMATCH at sample 1030: rtl=-241 golden=-183 err=58
MISMATCH at sample 1031: rtl=-383 golden=64 err=447
MISMATCH at sample 1032: rtl=-638 golden=264 err=902
MISMATCH at sample 1033: rtl=-742 golden=660 err=1402
MISMATCH at sample 1034: rtl=-965 golden=823 err=1788
MISMATCH at sample 1035: rtl=-1183 golden=1163 err=2346
MISMATCH at sample 1036: rtl=-1226 golden=1350 err=2576
MISMATCH at sample 1037: rtl=-1487 golden=1509 err=2996
MISMATCH at sample 1038: rtl=-1514 golden=1657 err=3171
MISMATCH at sample 1039: rtl=-1647 golden=1762 err=3409
MISMATCH at sample 1040: rtl=-1741 golden=1777 err=3518
MISMATCH at sample 1041: rtl=-1718 golden=1860 err=3578
MISMATCH at sample 1042: rtl=-1786 golden=1862 err=3648
MISMATCH at sample 1043: rtl=-1742 golden=1855 err=3597
MISMATCH at sample 1044: rtl=-1650 golden=1885 err=3535
MISMATCH at sample 1045: rtl=-1642 golden=1752 err=3394
MISMATCH at sample 1046: rtl=-1422 golden=1678 err=3100
MISMATCH at sample 1047: rtl=-1411 golden=1563 err=2974
MISMATCH at sample 1048: rtl=-1101 golden=1362 err=2463
MISMATCH at sample 1049: rtl=-1055 golden=1169 err=2224
MISMATCH at sample 1050: rtl=-799 golden=955 err=1754
MISMATCH at sample 1051: rtl=-628 golden=660 err=1288
MISMATCH at sample 1052: rtl=-371 golden=505 err=876
MISMATCH at sample 1053: rtl=-55 golden=191 err=246
MISMATCH at sample 1054: rtl=122 golden=25 err=97
MISMATCH at sample 1055: rtl=571 golden=-242 err=813
MISMATCH at sample 1056: rtl=746 golden=-384 err=1130
MISMATCH at sample 1057: rtl=1176 golden=-639 err=1815
MISMATCH at sample 1058: rtl=1338 golden=-743 err=2081
MISMATCH at sample 1059: rtl=1527 golden=-966 err=2493
MISMATCH at sample 1060: rtl=1773 golden=-1184 err=2957
MISMATCH at sample 1061: rtl=1739 golden=-1227 err=2966
MISMATCH at sample 1062: rtl=1873 golden=-1488 err=3361
MISMATCH at sample 1063: rtl=1800 golden=-1515 err=3315
MISMATCH at sample 1064: rtl=1828 golden=-1648 err=3476
MISMATCH at sample 1065: rtl=1758 golden=-1742 err=3500
MISMATCH at sample 1066: rtl=1708 golden=-1719 err=3427
MISMATCH at sample 1067: rtl=1595 golden=-1787 err=3382
MISMATCH at sample 1068: rtl=1549 golden=-1743 err=3292
MISMATCH at sample 1069: rtl=1450 golden=-1651 err=3101
MISMATCH at sample 1070: rtl=1279 golden=-1643 err=2922
MISMATCH at sample 1071: rtl=1211 golden=-1423 err=2634
MISMATCH at sample 1072: rtl=1022 golden=-1412 err=2434
MISMATCH at sample 1073: rtl=915 golden=-1102 err=2017
MISMATCH at sample 1074: rtl=694 golden=-1056 err=1750
MISMATCH at sample 1075: rtl=496 golden=-800 err=1296
MISMATCH at sample 1076: rtl=345 golden=-629 err=974
MISMATCH at sample 1077: rtl=80 golden=-372 err=452
MISMATCH at sample 1078: rtl=-126 golden=-56 err=70
MISMATCH at sample 1079: rtl=-374 golden=122 err=496
MISMATCH at sample 1080: rtl=-631 golden=571 err=1202
MISMATCH at sample 1081: rtl=-835 golden=746 err=1581
MISMATCH at sample 1082: rtl=-1143 golden=1176 err=2319
MISMATCH at sample 1083: rtl=-1291 golden=1338 err=2629
MISMATCH at sample 1084: rtl=-1497 golden=1527 err=3024
MISMATCH at sample 1085: rtl=-1618 golden=1773 err=3391
MISMATCH at sample 1086: rtl=-1631 golden=1739 err=3370
MISMATCH at sample 1087: rtl=-1776 golden=1873 err=3649
MISMATCH at sample 1088: rtl=-1678 golden=1800 err=3478
MISMATCH at sample 1089: rtl=-1708 golden=1828 err=3536
MISMATCH at sample 1090: rtl=-1642 golden=1758 err=3400
MISMATCH at sample 1091: rtl=-1530 golden=1708 err=3238
MISMATCH at sample 1092: rtl=-1484 golden=1595 err=3079
MISMATCH at sample 1093: rtl=-1314 golden=1549 err=2863
MISMATCH at sample 1094: rtl=-1113 golden=1450 err=2563
MISMATCH at sample 1095: rtl=-984 golden=1279 err=2263
MISMATCH at sample 1096: rtl=-666 golden=1211 err=1877
MISMATCH at sample 1097: rtl=-498 golden=1022 err=1520
MISMATCH at sample 1098: rtl=-218 golden=915 err=1133
MISMATCH at sample 1099: rtl=52 golden=694 err=642
MISMATCH at sample 1100: rtl=223 golden=496 err=273
MISMATCH at sample 1101: rtl=560 golden=345 err=215
MISMATCH at sample 1102: rtl=707 golden=80 err=627
MISMATCH at sample 1103: rtl=971 golden=-127 err=1098
MISMATCH at sample 1104: rtl=1184 golden=-375 err=1559
MISMATCH at sample 1105: rtl=1301 golden=-632 err=1933
MISMATCH at sample 1106: rtl=1507 golden=-836 err=2343
MISMATCH at sample 1107: rtl=1551 golden=-1144 err=2695
MISMATCH at sample 1108: rtl=1632 golden=-1292 err=2924
MISMATCH at sample 1109: rtl=1695 golden=-1498 err=3193
MISMATCH at sample 1110: rtl=1629 golden=-1619 err=3248
MISMATCH at sample 1111: rtl=1773 golden=-1632 err=3405
MISMATCH at sample 1112: rtl=1619 golden=-1777 err=3396
MISMATCH at sample 1113: rtl=1684 golden=-1679 err=3363
MISMATCH at sample 1114: rtl=1550 golden=-1709 err=3259
MISMATCH at sample 1115: rtl=1455 golden=-1643 err=3098
MISMATCH at sample 1116: rtl=1380 golden=-1531 err=2911
MISMATCH at sample 1117: rtl=1005 golden=-1485 err=2490
MISMATCH at sample 1118: rtl=893 golden=-1315 err=2208
MISMATCH at sample 1119: rtl=444 golden=-1114 err=1558
MISMATCH at sample 1120: rtl=252 golden=-985 err=1237
MISMATCH at sample 1121: rtl=-78 golden=-667 err=589
MISMATCH at sample 1122: rtl=-460 golden=-499 err=39
MISMATCH at sample 1123: rtl=-599 golden=-219 err=380
MISMATCH at sample 1124: rtl=-877 golden=52 err=929
MISMATCH at sample 1125: rtl=-1016 golden=223 err=1239
MISMATCH at sample 1126: rtl=-1173 golden=560 err=1733
MISMATCH at sample 1127: rtl=-1318 golden=707 err=2025
MISMATCH at sample 1128: rtl=-1421 golden=971 err=2392
MISMATCH at sample 1129: rtl=-1469 golden=1184 err=2653
MISMATCH at sample 1130: rtl=-1606 golden=1301 err=2907
MISMATCH at sample 1131: rtl=-1660 golden=1507 err=3167
MISMATCH at sample 1132: rtl=-1675 golden=1551 err=3226
MISMATCH at sample 1133: rtl=-1703 golden=1632 err=3335
MISMATCH at sample 1134: rtl=-1706 golden=1695 err=3401
MISMATCH at sample 1135: rtl=-1610 golden=1629 err=3239
MISMATCH at sample 1136: rtl=-1659 golden=1773 err=3432
MISMATCH at sample 1137: rtl=-1442 golden=1619 err=3061
MISMATCH at sample 1138: rtl=-1387 golden=1684 err=3071
MISMATCH at sample 1139: rtl=-1284 golden=1550 err=2834
MISMATCH at sample 1140: rtl=-998 golden=1455 err=2453
MISMATCH at sample 1141: rtl=-888 golden=1380 err=2268
MISMATCH at sample 1142: rtl=-441 golden=1005 err=1446
MISMATCH at sample 1143: rtl=-251 golden=893 err=1144
MISMATCH at sample 1144: rtl=150 golden=444 err=294
MISMATCH at sample 1145: rtl=475 golden=252 err=223
MISMATCH at sample 1146: rtl=752 golden=-79 err=831
MISMATCH at sample 1147: rtl=1093 golden=-461 err=1554
MISMATCH at sample 1148: rtl=1194 golden=-600 err=1794
MISMATCH at sample 1149: rtl=1358 golden=-878 err=2236
MISMATCH at sample 1150: rtl=1501 golden=-1017 err=2518
MISMATCH at sample 1151: rtl=1463 golden=-1174 err=2637
MISMATCH at sample 1152: rtl=1591 golden=-1319 err=2910
MISMATCH at sample 1153: rtl=1546 golden=-1422 err=2968
MISMATCH at sample 1154: rtl=1571 golden=-1470 err=3041
MISMATCH at sample 1155: rtl=1619 golden=-1607 err=3226
MISMATCH at sample 1156: rtl=1483 golden=-1661 err=3144
MISMATCH at sample 1157: rtl=1571 golden=-1676 err=3247
MISMATCH at sample 1158: rtl=1328 golden=-1704 err=3032
MISMATCH at sample 1159: rtl=1332 golden=-1707 err=3039
MISMATCH at sample 1160: rtl=1017 golden=-1611 err=2628
MISMATCH at sample 1161: rtl=849 golden=-1660 err=2509
MISMATCH at sample 1162: rtl=637 golden=-1443 err=2080
MISMATCH at sample 1163: rtl=275 golden=-1388 err=1663
MISMATCH at sample 1164: rtl=139 golden=-1285 err=1424
MISMATCH at sample 1165: rtl=-274 golden=-999 err=725
MISMATCH at sample 1166: rtl=-402 golden=-889 err=487
MISMATCH at sample 1167: rtl=-678 golden=-442 err=236
MISMATCH at sample 1168: rtl=-852 golden=-252 err=600
MISMATCH at sample 1169: rtl=-1026 golden=150 err=1176
MISMATCH at sample 1170: rtl=-1187 golden=475 err=1662
MISMATCH at sample 1171: rtl=-1230 golden=752 err=1982
MISMATCH at sample 1172: rtl=-1414 golden=1093 err=2507
MISMATCH at sample 1173: rtl=-1445 golden=1194 err=2639
MISMATCH at sample 1174: rtl=-1512 golden=1358 err=2870
MISMATCH at sample 1175: rtl=-1584 golden=1501 err=3085
MISMATCH at sample 1176: rtl=-1575 golden=1463 err=3038
MISMATCH at sample 1177: rtl=-1690 golden=1591 err=3281
MISMATCH at sample 1178: rtl=-1560 golden=1546 err=3106
MISMATCH at sample 1179: rtl=-1520 golden=1571 err=3091
MISMATCH at sample 1180: rtl=-1456 golden=1619 err=3075
MISMATCH at sample 1181: rtl=-1260 golden=1483 err=2743
MISMATCH at sample 1182: rtl=-1108 golden=1571 err=2679
MISMATCH at sample 1183: rtl=-815 golden=1328 err=2143
MISMATCH at sample 1184: rtl=-536 golden=1332 err=1868
MISMATCH at sample 1185: rtl=-288 golden=1017 err=1305
MISMATCH at sample 1186: rtl=133 golden=849 err=716
MISMATCH at sample 1187: rtl=338 golden=637 err=299
MISMATCH at sample 1188: rtl=738 golden=275 err=463
MISMATCH at sample 1189: rtl=962 golden=139 err=823
MISMATCH at sample 1190: rtl=1103 golden=-275 err=1378
MISMATCH at sample 1191: rtl=1358 golden=-403 err=1761
MISMATCH at sample 1192: rtl=1284 golden=-679 err=1963
MISMATCH at sample 1193: rtl=1461 golden=-853 err=2314
MISMATCH at sample 1194: rtl=1342 golden=-1027 err=2369
MISMATCH at sample 1195: rtl=1380 golden=-1188 err=2568
MISMATCH at sample 1196: rtl=1388 golden=-1231 err=2619
MISMATCH at sample 1197: rtl=1401 golden=-1415 err=2816
MISMATCH at sample 1198: rtl=1402 golden=-1446 err=2848
MISMATCH at sample 1199: rtl=1460 golden=-1513 err=2973
MISMATCH at sample 1200: rtl=1374 golden=-1585 err=2959
MISMATCH at sample 1201: rtl=1346 golden=-1576 err=2922
MISMATCH at sample 1202: rtl=1191 golden=-1691 err=2882
MISMATCH at sample 1203: rtl=970 golden=-1561 err=2531
MISMATCH at sample 1204: rtl=796 golden=-1521 err=2317
MISMATCH at sample 1205: rtl=414 golden=-1457 err=1871
MISMATCH at sample 1206: rtl=223 golden=-1261 err=1484
MISMATCH at sample 1207: rtl=-193 golden=-1109 err=916
MISMATCH at sample 1208: rtl=-476 golden=-816 err=340
MISMATCH at sample 1209: rtl=-755 golden=-537 err=218
MISMATCH at sample 1210: rtl=-1072 golden=-289 err=783
MISMATCH at sample 1211: rtl=-1293 golden=133 err=1426
MISMATCH at sample 1212: rtl=-1528 golden=338 err=1866
MISMATCH at sample 1213: rtl=-1671 golden=738 err=2409
MISMATCH at sample 1214: rtl=-1740 golden=962 err=2702
MISMATCH at sample 1215: rtl=-1782 golden=1103 err=2885
MISMATCH at sample 1216: rtl=-1779 golden=1358 err=3137
MISMATCH at sample 1217: rtl=-1720 golden=1284 err=3004
MISMATCH at sample 1218: rtl=-1577 golden=1461 err=3038
MISMATCH at sample 1219: rtl=-1552 golden=1342 err=2894
MISMATCH at sample 1220: rtl=-1269 golden=1380 err=2649
MISMATCH at sample 1221: rtl=-1281 golden=1388 err=2669
MISMATCH at sample 1222: rtl=-1005 golden=1401 err=2406
MISMATCH at sample 1223: rtl=-864 golden=1402 err=2266
MISMATCH at sample 1224: rtl=-716 golden=1460 err=2176
MISMATCH at sample 1225: rtl=-459 golden=1374 err=1833
MISMATCH at sample 1226: rtl=-274 golden=1346 err=1620
MISMATCH at sample 1227: rtl=-2 golden=1191 err=1193
MISMATCH at sample 1228: rtl=245 golden=970 err=725
MISMATCH at sample 1229: rtl=591 golden=796 err=205
MISMATCH at sample 1230: rtl=739 golden=414 err=325
MISMATCH at sample 1231: rtl=1174 golden=223 err=951
MISMATCH at sample 1232: rtl=1246 golden=-194 err=1440
MISMATCH at sample 1233: rtl=1509 golden=-477 err=1986
MISMATCH at sample 1234: rtl=1669 golden=-756 err=2425
MISMATCH at sample 1235: rtl=1686 golden=-1073 err=2759
MISMATCH at sample 1236: rtl=1864 golden=-1294 err=3158
MISMATCH at sample 1237: rtl=1776 golden=-1529 err=3305
MISMATCH at sample 1238: rtl=1852 golden=-1672 err=3524
MISMATCH at sample 1239: rtl=1732 golden=-1741 err=3473
MISMATCH at sample 1240: rtl=1674 golden=-1783 err=3457
MISMATCH at sample 1241: rtl=1519 golden=-1780 err=3299
MISMATCH at sample 1242: rtl=1288 golden=-1721 err=3009
MISMATCH at sample 1243: rtl=1121 golden=-1578 err=2699
MISMATCH at sample 1244: rtl=765 golden=-1553 err=2318
MISMATCH at sample 1245: rtl=609 golden=-1270 err=1879
MISMATCH at sample 1246: rtl=279 golden=-1281 err=1560
MISMATCH at sample 1247: rtl=60 golden=-1006 err=1066
MISMATCH at sample 1248: rtl=-181 golden=-865 err=684
MISMATCH at sample 1249: rtl=-440 golden=-717 err=277
MISMATCH at sample 1250: rtl=-689 golden=-460 err=229
MISMATCH at sample 1251: rtl=-889 golden=-275 err=614
MISMATCH at sample 1252: rtl=-1177 golden=-3 err=1174
MISMATCH at sample 1253: rtl=-1328 golden=245 err=1573
MISMATCH at sample 1254: rtl=-1532 golden=591 err=2123
MISMATCH at sample 1255: rtl=-1646 golden=739 err=2385
MISMATCH at sample 1256: rtl=-1686 golden=1174 err=2860
MISMATCH at sample 1257: rtl=-1797 golden=1246 err=3043
MISMATCH at sample 1258: rtl=-1686 golden=1509 err=3195
MISMATCH at sample 1259: rtl=-1734 golden=1669 err=3403
MISMATCH at sample 1260: rtl=-1579 golden=1686 err=3265
MISMATCH at sample 1261: rtl=-1432 golden=1864 err=3296
MISMATCH at sample 1262: rtl=-1393 golden=1776 err=3169
MISMATCH at sample 1263: rtl=-1039 golden=1852 err=2891
MISMATCH at sample 1264: rtl=-829 golden=1732 err=2561
MISMATCH at sample 1265: rtl=-515 golden=1674 err=2189
MISMATCH at sample 1266: rtl=-139 golden=1519 err=1658
MISMATCH at sample 1267: rtl=81 golden=1288 err=1207
MISMATCH at sample 1268: rtl=531 golden=1121 err=590
MISMATCH at sample 1269: rtl=716 golden=765 err=49
MISMATCH at sample 1270: rtl=1002 golden=609 err=393
MISMATCH at sample 1271: rtl=1139 golden=279 err=860
MISMATCH at sample 1272: rtl=1319 golden=60 err=1259
MISMATCH at sample 1273: rtl=1439 golden=-182 err=1621
MISMATCH at sample 1274: rtl=1443 golden=-441 err=1884
MISMATCH at sample 1275: rtl=1601 golden=-690 err=2291
MISMATCH at sample 1276: rtl=1501 golden=-890 err=2391
MISMATCH at sample 1277: rtl=1510 golden=-1178 err=2688
MISMATCH at sample 1278: rtl=1523 golden=-1329 err=2852
MISMATCH at sample 1279: rtl=1340 golden=-1533 err=2873
MISMATCH at sample 1280: rtl=1350 golden=-1647 err=2997
MISMATCH at sample 1281: rtl=1054 golden=-1687 err=2741
MISMATCH at sample 1282: rtl=895 golden=-1798 err=2693
MISMATCH at sample 1283: rtl=729 golden=-1687 err=2416
MISMATCH at sample 1284: rtl=325 golden=-1735 err=2060
MISMATCH at sample 1285: rtl=166 golden=-1580 err=1746
MISMATCH at sample 1286: rtl=-360 golden=-1433 err=1073
MISMATCH at sample 1287: rtl=-414 golden=-1394 err=980
MISMATCH at sample 1288: rtl=-884 golden=-1040 err=156
MISMATCH at sample 1289: rtl=-1071 golden=-830 err=241
MISMATCH at sample 1290: rtl=-1261 golden=-516 err=745
MISMATCH at sample 1291: rtl=-1454 golden=-140 err=1314
MISMATCH at sample 1292: rtl=-1481 golden=81 err=1562
MISMATCH at sample 1293: rtl=-1656 golden=531 err=2187
MISMATCH at sample 1294: rtl=-1662 golden=716 err=2378
MISMATCH at sample 1295: rtl=-1668 golden=1002 err=2670
MISMATCH at sample 1296: rtl=-1699 golden=1139 err=2838
MISMATCH at sample 1297: rtl=-1677 golden=1319 err=2996
MISMATCH at sample 1298: rtl=-1629 golden=1439 err=3068
MISMATCH at sample 1299: rtl=-1595 golden=1443 err=3038
MISMATCH at sample 1300: rtl=-1356 golden=1601 err=2957
MISMATCH at sample 1301: rtl=-1334 golden=1501 err=2835
MISMATCH at sample 1302: rtl=-970 golden=1510 err=2480
MISMATCH at sample 1303: rtl=-834 golden=1523 err=2357
MISMATCH at sample 1304: rtl=-482 golden=1340 err=1822
MISMATCH at sample 1305: rtl=-175 golden=1350 err=1525
MISMATCH at sample 1306: rtl=67 golden=1054 err=987
MISMATCH at sample 1307: rtl=401 golden=895 err=494
MISMATCH at sample 1308: rtl=594 golden=729 err=135
MISMATCH at sample 1309: rtl=947 golden=325 err=622
MISMATCH at sample 1310: rtl=1130 golden=166 err=964
MISMATCH at sample 1311: rtl=1311 golden=-361 err=1672
MISMATCH at sample 1312: rtl=1551 golden=-415 err=1966
MISMATCH at sample 1313: rtl=1684 golden=-885 err=2569
MISMATCH at sample 1314: rtl=1835 golden=-1072 err=2907
MISMATCH at sample 1315: rtl=1860 golden=-1262 err=3122
MISMATCH at sample 1316: rtl=1860 golden=-1455 err=3315
MISMATCH at sample 1317: rtl=1817 golden=-1482 err=3299
MISMATCH at sample 1318: rtl=1682 golden=-1657 err=3339
MISMATCH at sample 1319: rtl=1495 golden=-1663 err=3158
MISMATCH at sample 1320: rtl=1223 golden=-1669 err=2892
MISMATCH at sample 1321: rtl=1042 golden=-1700 err=2742
MISMATCH at sample 1322: rtl=709 golden=-1678 err=2387
MISMATCH at sample 1323: rtl=481 golden=-1630 err=2111
MISMATCH at sample 1324: rtl=130 golden=-1596 err=1726
MISMATCH at sample 1325: rtl=-147 golden=-1357 err=1210
MISMATCH at sample 1326: rtl=-348 golden=-1335 err=987
MISMATCH at sample 1327: rtl=-756 golden=-971 err=215
MISMATCH at sample 1328: rtl=-933 golden=-835 err=98
MISMATCH at sample 1329: rtl=-1189 golden=-483 err=706
MISMATCH at sample 1330: rtl=-1381 golden=-176 err=1205
MISMATCH at sample 1331: rtl=-1503 golden=67 err=1570
MISMATCH at sample 1332: rtl=-1628 golden=401 err=2029
MISMATCH at sample 1333: rtl=-1710 golden=594 err=2304
MISMATCH at sample 1334: rtl=-1675 golden=947 err=2622
MISMATCH at sample 1335: rtl=-1680 golden=1130 err=2810
MISMATCH at sample 1336: rtl=-1642 golden=1311 err=2953
MISMATCH at sample 1337: rtl=-1498 golden=1551 err=3049
MISMATCH at sample 1338: rtl=-1440 golden=1684 err=3124
MISMATCH at sample 1339: rtl=-1128 golden=1835 err=2963
MISMATCH at sample 1340: rtl=-1032 golden=1860 err=2892
MISMATCH at sample 1341: rtl=-634 golden=1860 err=2494
MISMATCH at sample 1342: rtl=-441 golden=1817 err=2258
MISMATCH at sample 1343: rtl=-49 golden=1682 err=1731
MISMATCH at sample 1344: rtl=306 golden=1495 err=1189
MISMATCH at sample 1345: rtl=585 golden=1223 err=638
MISMATCH at sample 1346: rtl=928 golden=1042 err=114
MISMATCH at sample 1347: rtl=1151 golden=709 err=442
MISMATCH at sample 1348: rtl=1442 golden=481 err=961
MISMATCH at sample 1349: rtl=1547 golden=130 err=1417
MISMATCH at sample 1350: rtl=1716 golden=-148 err=1864
MISMATCH at sample 1351: rtl=1681 golden=-349 err=2030
MISMATCH at sample 1352: rtl=1846 golden=-757 err=2603
MISMATCH at sample 1353: rtl=1707 golden=-934 err=2641
MISMATCH at sample 1354: rtl=1712 golden=-1190 err=2902
MISMATCH at sample 1355: rtl=1651 golden=-1382 err=3033
MISMATCH at sample 1356: rtl=1506 golden=-1504 err=3010
MISMATCH at sample 1357: rtl=1336 golden=-1629 err=2965
MISMATCH at sample 1358: rtl=1118 golden=-1711 err=2829
MISMATCH at sample 1359: rtl=770 golden=-1676 err=2446
MISMATCH at sample 1360: rtl=526 golden=-1681 err=2207
MISMATCH at sample 1361: rtl=104 golden=-1643 err=1747
MISMATCH at sample 1362: rtl=-290 golden=-1499 err=1209
MISMATCH at sample 1363: rtl=-522 golden=-1441 err=919
MISMATCH at sample 1364: rtl=-910 golden=-1129 err=219
MISMATCH at sample 1365: rtl=-1158 golden=-1033 err=125
MISMATCH at sample 1366: rtl=-1320 golden=-635 err=685
MISMATCH at sample 1367: rtl=-1518 golden=-442 err=1076
MISMATCH at sample 1368: rtl=-1644 golden=-50 err=1594
MISMATCH at sample 1369: rtl=-1648 golden=306 err=1954
MISMATCH at sample 1370: rtl=-1840 golden=585 err=2425
MISMATCH at sample 1371: rtl=-1629 golden=928 err=2557
MISMATCH at sample 1372: rtl=-1731 golden=1151 err=2882
MISMATCH at sample 1373: rtl=-1543 golden=1442 err=2985
MISMATCH at sample 1374: rtl=-1401 golden=1547 err=2948
MISMATCH at sample 1375: rtl=-1294 golden=1716 err=3010
MISMATCH at sample 1376: rtl=-871 golden=1681 err=2552
MISMATCH at sample 1377: rtl=-871 golden=1846 err=2717
MISMATCH at sample 1378: rtl=-389 golden=1707 err=2096
MISMATCH at sample 1379: rtl=-273 golden=1712 err=1985
MISMATCH at sample 1380: rtl=78 golden=1651 err=1573
MISMATCH at sample 1381: rtl=428 golden=1506 err=1078
MISMATCH at sample 1382: rtl=578 golden=1336 err=758
MISMATCH at sample 1383: rtl=1001 golden=1118 err=117
MISMATCH at sample 1384: rtl=1135 golden=770 err=365
MISMATCH at sample 1385: rtl=1453 golden=526 err=927
MISMATCH at sample 1386: rtl=1605 golden=104 err=1501
MISMATCH at sample 1387: rtl=1740 golden=-291 err=2031
MISMATCH at sample 1388: rtl=1780 golden=-523 err=2303
MISMATCH at sample 1389: rtl=1873 golden=-911 err=2784
MISMATCH at sample 1390: rtl=1770 golden=-1159 err=2929
MISMATCH at sample 1391: rtl=1738 golden=-1321 err=3059
MISMATCH at sample 1392: rtl=1650 golden=-1519 err=3169
MISMATCH at sample 1393: rtl=1380 golden=-1645 err=3025
MISMATCH at sample 1394: rtl=1415 golden=-1649 err=3064
MISMATCH at sample 1395: rtl=967 golden=-1841 err=2808
MISMATCH at sample 1396: rtl=834 golden=-1630 err=2464
MISMATCH at sample 1397: rtl=511 golden=-1732 err=2243
MISMATCH at sample 1398: rtl=132 golden=-1544 err=1676
MISMATCH at sample 1399: rtl=-98 golden=-1402 err=1304
MISMATCH at sample 1400: rtl=-555 golden=-1295 err=740
MISMATCH at sample 1401: rtl=-770 golden=-872 err=102
MISMATCH at sample 1402: rtl=-1080 golden=-872 err=208
MISMATCH at sample 1403: rtl=-1267 golden=-390 err=877
MISMATCH at sample 1404: rtl=-1420 golden=-274 err=1146
MISMATCH at sample 1405: rtl=-1560 golden=78 err=1638
MISMATCH at sample 1406: rtl=-1600 golden=428 err=2028
MISMATCH at sample 1407: rtl=-1623 golden=578 err=2201
MISMATCH at sample 1408: rtl=-1633 golden=1001 err=2634
MISMATCH at sample 1409: rtl=-1601 golden=1135 err=2736
MISMATCH at sample 1410: rtl=-1490 golden=1453 err=2943
MISMATCH at sample 1411: rtl=-1410 golden=1605 err=3015
MISMATCH at sample 1412: rtl=-1174 golden=1740 err=2914
MISMATCH at sample 1413: rtl=-1063 golden=1780 err=2843
MISMATCH at sample 1414: rtl=-750 golden=1873 err=2623
MISMATCH at sample 1415: rtl=-463 golden=1770 err=2233
MISMATCH at sample 1416: rtl=-189 golden=1738 err=1927
MISMATCH at sample 1417: rtl=207 golden=1650 err=1443
MISMATCH at sample 1418: rtl=373 golden=1380 err=1007
MISMATCH at sample 1419: rtl=887 golden=1415 err=528
MISMATCH at sample 1420: rtl=1019 golden=967 err=52
MISMATCH at sample 1421: rtl=1339 golden=834 err=505
MISMATCH at sample 1422: rtl=1525 golden=511 err=1014
MISMATCH at sample 1423: rtl=1643 golden=132 err=1511
MISMATCH at sample 1424: rtl=1826 golden=-99 err=1925
MISMATCH at sample 1425: rtl=1750 golden=-556 err=2306
MISMATCH at sample 1426: rtl=1756 golden=-771 err=2527
MISMATCH at sample 1427: rtl=1622 golden=-1081 err=2703
MISMATCH at sample 1428: rtl=1463 golden=-1268 err=2731
MISMATCH at sample 1429: rtl=1228 golden=-1421 err=2649
MISMATCH at sample 1430: rtl=1005 golden=-1561 err=2566
MISMATCH at sample 1431: rtl=685 golden=-1601 err=2286
MISMATCH at sample 1432: rtl=515 golden=-1624 err=2139
MISMATCH at sample 1433: rtl=86 golden=-1634 err=1720
MISMATCH at sample 1434: rtl=-12 golden=-1602 err=1590
MISMATCH at sample 1435: rtl=-399 golden=-1491 err=1092
MISMATCH at sample 1436: rtl=-561 golden=-1411 err=850
MISMATCH at sample 1437: rtl=-827 golden=-1175 err=348
MISMATCH at sample 1438: rtl=-1113 golden=-1064 err=49
MISMATCH at sample 1439: rtl=-1206 golden=-751 err=455
MISMATCH at sample 1440: rtl=-1486 golden=-464 err=1022
MISMATCH at sample 1441: rtl=-1504 golden=-190 err=1314
MISMATCH at sample 1442: rtl=-1694 golden=207 err=1901
MISMATCH at sample 1443: rtl=-1658 golden=373 err=2031
MISMATCH at sample 1444: rtl=-1688 golden=887 err=2575
MISMATCH at sample 1445: rtl=-1602 golden=1019 err=2621
MISMATCH at sample 1446: rtl=-1484 golden=1339 err=2823
MISMATCH at sample 1447: rtl=-1300 golden=1525 err=2825
MISMATCH at sample 1448: rtl=-1033 golden=1643 err=2676
MISMATCH at sample 1449: rtl=-787 golden=1826 err=2613
MISMATCH at sample 1450: rtl=-425 golden=1750 err=2175
MISMATCH at sample 1451: rtl=-97 golden=1756 err=1853
MISMATCH at sample 1452: rtl=309 golden=1622 err=1313
MISMATCH at sample 1453: rtl=545 golden=1463 err=918
MISMATCH at sample 1454: rtl=905 golden=1228 err=323
MISMATCH at sample 1455: rtl=1153 golden=1005 err=148
MISMATCH at sample 1456: rtl=1376 golden=685 err=691
MISMATCH at sample 1457: rtl=1573 golden=515 err=1058
MISMATCH at sample 1458: rtl=1604 golden=86 err=1518
MISMATCH at sample 1459: rtl=1804 golden=-13 err=1817
MISMATCH at sample 1460: rtl=1750 golden=-400 err=2150
MISMATCH at sample 1461: rtl=1737 golden=-562 err=2299
MISMATCH at sample 1462: rtl=1630 golden=-828 err=2458
MISMATCH at sample 1463: rtl=1363 golden=-1114 err=2477
MISMATCH at sample 1464: rtl=1261 golden=-1207 err=2468
MISMATCH at sample 1465: rtl=847 golden=-1487 err=2334
MISMATCH at sample 1466: rtl=587 golden=-1505 err=2092
MISMATCH at sample 1467: rtl=246 golden=-1695 err=1941
MISMATCH at sample 1468: rtl=-204 golden=-1659 err=1455
MISMATCH at sample 1469: rtl=-410 golden=-1689 err=1279
MISMATCH at sample 1470: rtl=-884 golden=-1603 err=719
MISMATCH at sample 1471: rtl=-1095 golden=-1485 err=390
MISMATCH at sample 1472: rtl=-1381 golden=-1301 err=80
MISMATCH at sample 1473: rtl=-1611 golden=-1034 err=577
MISMATCH at sample 1474: rtl=-1700 golden=-788 err=912
MISMATCH at sample 1475: rtl=-1871 golden=-426 err=1445
MISMATCH at sample 1476: rtl=-1837 golden=-98 err=1739
MISMATCH at sample 1477: rtl=-1871 golden=309 err=2180
MISMATCH at sample 1478: rtl=-1722 golden=545 err=2267
MISMATCH at sample 1479: rtl=-1606 golden=905 err=2511
MISMATCH at sample 1480: rtl=-1410 golden=1153 err=2563
MISMATCH at sample 1481: rtl=-1138 golden=1376 err=2514
MISMATCH at sample 1482: rtl=-944 golden=1573 err=2517
MISMATCH at sample 1483: rtl=-502 golden=1604 err=2106
MISMATCH at sample 1484: rtl=-312 golden=1804 err=2116
MISMATCH at sample 1485: rtl=129 golden=1750 err=1621
MISMATCH at sample 1486: rtl=435 golden=1737 err=1302
MISMATCH at sample 1487: rtl=710 golden=1630 err=920
MISMATCH at sample 1488: rtl=1124 golden=1363 err=239
MISMATCH at sample 1489: rtl=1244 golden=1261 err=17
MISMATCH at sample 1490: rtl=1476 golden=847 err=629
MISMATCH at sample 1491: rtl=1588 golden=587 err=1001
MISMATCH at sample 1492: rtl=1629 golden=246 err=1383
MISMATCH at sample 1493: rtl=1716 golden=-205 err=1921
MISMATCH at sample 1494: rtl=1522 golden=-411 err=1933
MISMATCH at sample 1495: rtl=1522 golden=-885 err=2407
MISMATCH at sample 1496: rtl=1295 golden=-1096 err=2391
MISMATCH at sample 1497: rtl=1048 golden=-1382 err=2430
MISMATCH at sample 1498: rtl=893 golden=-1612 err=2505
MISMATCH at sample 1499: rtl=409 golden=-1701 err=2110
MISMATCH at sample 1500: rtl=245 golden=-1872 err=2117
MISMATCH at sample 1501: rtl=-147 golden=-1838 err=1691
MISMATCH at sample 1502: rtl=-447 golden=-1872 err=1425
MISMATCH at sample 1503: rtl=-636 golden=-1723 err=1087
MISMATCH at sample 1504: rtl=-977 golden=-1607 err=630
MISMATCH at sample 1505: rtl=-1092 golden=-1411 err=319
MISMATCH at sample 1506: rtl=-1278 golden=-1139 err=139
MISMATCH at sample 1507: rtl=-1416 golden=-945 err=471
MISMATCH at sample 1508: rtl=-1529 golden=-503 err=1026
MISMATCH at sample 1509: rtl=-1639 golden=-313 err=1326
MISMATCH at sample 1510: rtl=-1567 golden=129 err=1696
MISMATCH at sample 1511: rtl=-1671 golden=435 err=2106
MISMATCH at sample 1512: rtl=-1421 golden=710 err=2131
MISMATCH at sample 1513: rtl=-1479 golden=1124 err=2603
MISMATCH at sample 1514: rtl=-1165 golden=1244 err=2409
MISMATCH at sample 1515: rtl=-937 golden=1476 err=2413
MISMATCH at sample 1516: rtl=-792 golden=1588 err=2380
MISMATCH at sample 1517: rtl=-276 golden=1629 err=1905
MISMATCH at sample 1518: rtl=-212 golden=1716 err=1928
MISMATCH at sample 1519: rtl=386 golden=1522 err=1136
MISMATCH at sample 1520: rtl=600 golden=1522 err=922
MISMATCH at sample 1521: rtl=924 golden=1295 err=371
MISMATCH at sample 1522: rtl=1233 golden=1048 err=185
MISMATCH at sample 1523: rtl=1368 golden=893 err=475
MISMATCH at sample 1524: rtl=1594 golden=409 err=1185
MISMATCH at sample 1525: rtl=1652 golden=245 err=1407
MISMATCH at sample 1526: rtl=1629 golden=-148 err=1777
MISMATCH at sample 1527: rtl=1611 golden=-448 err=2059
MISMATCH at sample 1528: rtl=1502 golden=-637 err=2139
MISMATCH at sample 1529: rtl=1388 golden=-978 err=2366
MISMATCH at sample 1530: rtl=1134 golden=-1092 err=2226
MISMATCH at sample 1531: rtl=885 golden=-1279 err=2164
MISMATCH at sample 1532: rtl=607 golden=-1417 err=2024
MISMATCH at sample 1533: rtl=327 golden=-1530 err=1857
MISMATCH at sample 1534: rtl=7 golden=-1640 err=1647
MISMATCH at sample 1535: rtl=-323 golden=-1568 err=1245
MISMATCH at sample 1536: rtl=-585 golden=-1672 err=1087
MISMATCH at sample 1537: rtl=-879 golden=-1422 err=543
MISMATCH at sample 1538: rtl=-1079 golden=-1480 err=401
MISMATCH at sample 1539: rtl=-1349 golden=-1166 err=183
MISMATCH at sample 1540: rtl=-1533 golden=-938 err=595
MISMATCH at sample 1541: rtl=-1688 golden=-793 err=895
MISMATCH at sample 1542: rtl=-1802 golden=-277 err=1525
MISMATCH at sample 1543: rtl=-1834 golden=-213 err=1621
MISMATCH at sample 1544: rtl=-1826 golden=386 err=2212
MISMATCH at sample 1545: rtl=-1759 golden=600 err=2359
MISMATCH at sample 1546: rtl=-1554 golden=924 err=2478
MISMATCH at sample 1547: rtl=-1402 golden=1233 err=2635
MISMATCH at sample 1548: rtl=-1013 golden=1368 err=2381
MISMATCH at sample 1549: rtl=-796 golden=1594 err=2390
MISMATCH at sample 1550: rtl=-457 golden=1652 err=2109
MISMATCH at sample 1551: rtl=-77 golden=1629 err=1706
MISMATCH at sample 1552: rtl=191 golden=1611 err=1420
MISMATCH at sample 1553: rtl=587 golden=1502 err=915
MISMATCH at sample 1554: rtl=753 golden=1388 err=635
MISMATCH at sample 1555: rtl=1077 golden=1134 err=57
MISMATCH at sample 1556: rtl=1234 golden=885 err=349
MISMATCH at sample 1557: rtl=1481 golden=607 err=874
MISMATCH at sample 1558: rtl=1547 golden=327 err=1220
MISMATCH at sample 1559: rtl=1567 golden=7 err=1560
MISMATCH at sample 1560: rtl=1676 golden=-324 err=2000
MISMATCH at sample 1561: rtl=1440 golden=-586 err=2026
MISMATCH at sample 1562: rtl=1379 golden=-880 err=2259
MISMATCH at sample 1563: rtl=1094 golden=-1080 err=2174
MISMATCH at sample 1564: rtl=747 golden=-1350 err=2097
MISMATCH at sample 1565: rtl=546 golden=-1534 err=2080
MISMATCH at sample 1566: rtl=-11 golden=-1689 err=1678
MISMATCH at sample 1567: rtl=-233 golden=-1803 err=1570
MISMATCH at sample 1568: rtl=-623 golden=-1835 err=1212
MISMATCH at sample 1569: rtl=-1005 golden=-1827 err=822
MISMATCH at sample 1570: rtl=-1174 golden=-1760 err=586
MISMATCH at sample 1571: rtl=-1536 golden=-1555 err=19
MISMATCH at sample 1572: rtl=-1580 golden=-1403 err=177
MISMATCH at sample 1573: rtl=-1742 golden=-1014 err=728
MISMATCH at sample 1574: rtl=-1756 golden=-797 err=959
MISMATCH at sample 1575: rtl=-1767 golden=-458 err=1309
MISMATCH at sample 1576: rtl=-1645 golden=-78 err=1567
MISMATCH at sample 1577: rtl=-1550 golden=191 err=1741
MISMATCH at sample 1578: rtl=-1313 golden=587 err=1900
MISMATCH at sample 1579: rtl=-1142 golden=753 err=1895
MISMATCH at sample 1580: rtl=-901 golden=1077 err=1978
MISMATCH at sample 1581: rtl=-552 golden=1234 err=1786
MISMATCH at sample 1582: rtl=-260 golden=1481 err=1741
MISMATCH at sample 1583: rtl=117 golden=1547 err=1430
MISMATCH at sample 1584: rtl=361 golden=1567 err=1206
MISMATCH at sample 1585: rtl=782 golden=1676 err=894
MISMATCH at sample 1586: rtl=1040 golden=1440 err=400
MISMATCH at sample 1587: rtl=1293 golden=1379 err=86
MISMATCH at sample 1588: rtl=1500 golden=1094 err=406
MISMATCH at sample 1589: rtl=1609 golden=747 err=862
MISMATCH at sample 1590: rtl=1727 golden=546 err=1181
MISMATCH at sample 1591: rtl=1764 golden=-12 err=1776
MISMATCH at sample 1592: rtl=1729 golden=-234 err=1963
MISMATCH at sample 1593: rtl=1605 golden=-624 err=2229
MISMATCH at sample 1594: rtl=1539 golden=-1006 err=2545
MISMATCH at sample 1595: rtl=1180 golden=-1175 err=2355
MISMATCH at sample 1596: rtl=1114 golden=-1537 err=2651
MISMATCH at sample 1597: rtl=662 golden=-1581 err=2243
MISMATCH at sample 1598: rtl=353 golden=-1743 err=2096
MISMATCH at sample 1599: rtl=88 golden=-1757 err=1845
MISMATCH at sample 1600: rtl=-370 golden=-1768 err=1398
MISMATCH at sample 1601: rtl=-502 golden=-1646 err=1144
MISMATCH at sample 1602: rtl=-965 golden=-1551 err=586
MISMATCH at sample 1603: rtl=-1017 golden=-1314 err=297
MISMATCH at sample 1604: rtl=-1326 golden=-1143 err=183
MISMATCH at sample 1605: rtl=-1346 golden=-902 err=444
MISMATCH at sample 1606: rtl=-1528 golden=-553 err=975
MISMATCH at sample 1607: rtl=-1532 golden=-261 err=1271
MISMATCH at sample 1608: rtl=-1506 golden=117 err=1623
MISMATCH at sample 1609: rtl=-1487 golden=361 err=1848
MISMATCH at sample 1610: rtl=-1262 golden=782 err=2044
MISMATCH at sample 1611: rtl=-1166 golden=1040 err=2206
MISMATCH at sample 1612: rtl=-840 golden=1293 err=2133
MISMATCH at sample 1613: rtl=-513 golden=1500 err=2013
MISMATCH at sample 1614: rtl=-254 golden=1609 err=1863
MISMATCH at sample 1615: rtl=205 golden=1727 err=1522
MISMATCH at sample 1616: rtl=428 golden=1764 err=1336
MISMATCH at sample 1617: rtl=791 golden=1729 err=938
MISMATCH at sample 1618: rtl=1041 golden=1605 err=564
MISMATCH at sample 1619: rtl=1237 golden=1539 err=302
MISMATCH at sample 1620: rtl=1338 golden=1180 err=158
MISMATCH at sample 1621: rtl=1481 golden=1114 err=367
MISMATCH at sample 1622: rtl=1483 golden=662 err=821
MISMATCH at sample 1623: rtl=1498 golden=353 err=1145
MISMATCH at sample 1624: rtl=1477 golden=88 err=1389
MISMATCH at sample 1625: rtl=1268 golden=-371 err=1639
MISMATCH at sample 1626: rtl=1218 golden=-503 err=1721
MISMATCH at sample 1627: rtl=925 golden=-966 err=1891
MISMATCH at sample 1628: rtl=734 golden=-1018 err=1752
MISMATCH at sample 1629: rtl=361 golden=-1327 err=1688
MISMATCH at sample 1630: rtl=57 golden=-1347 err=1404
MISMATCH at sample 1631: rtl=-319 golden=-1529 err=1210
MISMATCH at sample 1632: rtl=-594 golden=-1533 err=939
MISMATCH at sample 1633: rtl=-1005 golden=-1507 err=502
MISMATCH at sample 1634: rtl=-1203 golden=-1488 err=285
MISMATCH at sample 1635: rtl=-1475 golden=-1263 err=212
MISMATCH at sample 1636: rtl=-1525 golden=-1167 err=358
MISMATCH at sample 1637: rtl=-1685 golden=-841 err=844
MISMATCH at sample 1638: rtl=-1604 golden=-514 err=1090
MISMATCH at sample 1639: rtl=-1562 golden=-255 err=1307
MISMATCH at sample 1640: rtl=-1380 golden=205 err=1585
MISMATCH at sample 1641: rtl=-1141 golden=428 err=1569
MISMATCH at sample 1642: rtl=-1001 golden=791 err=1792
MISMATCH at sample 1643: rtl=-602 golden=1041 err=1643
MISMATCH at sample 1644: rtl=-346 golden=1237 err=1583
MISMATCH at sample 1645: rtl=-39 golden=1338 err=1377
MISMATCH at sample 1646: rtl=273 golden=1481 err=1208
MISMATCH at sample 1647: rtl=540 golden=1483 err=943
MISMATCH at sample 1648: rtl=872 golden=1498 err=626
MISMATCH at sample 1649: rtl=1080 golden=1477 err=397
MISMATCH at sample 1650: rtl=1286 golden=1268 err=18
MISMATCH at sample 1651: rtl=1429 golden=1218 err=211
MISMATCH at sample 1652: rtl=1555 golden=925 err=630
MISMATCH at sample 1653: rtl=1618 golden=734 err=884
MISMATCH at sample 1654: rtl=1582 golden=361 err=1221
MISMATCH at sample 1655: rtl=1494 golden=57 err=1437
MISMATCH at sample 1656: rtl=1269 golden=-320 err=1589
MISMATCH at sample 1657: rtl=1138 golden=-595 err=1733
MISMATCH at sample 1658: rtl=719 golden=-1006 err=1725
MISMATCH at sample 1659: rtl=495 golden=-1204 err=1699
MISMATCH at sample 1660: rtl=45 golden=-1476 err=1521
MISMATCH at sample 1661: rtl=-228 golden=-1526 err=1298
MISMATCH at sample 1662: rtl=-616 golden=-1686 err=1070
MISMATCH at sample 1663: rtl=-866 golden=-1605 err=739
MISMATCH at sample 1664: rtl=-1160 golden=-1563 err=403
MISMATCH at sample 1665: rtl=-1372 golden=-1381 err=9
MISMATCH at sample 1666: rtl=-1525 golden=-1142 err=383
MISMATCH at sample 1667: rtl=-1702 golden=-1002 err=700
MISMATCH at sample 1668: rtl=-1734 golden=-603 err=1131
MISMATCH at sample 1669: rtl=-1809 golden=-347 err=1462
MISMATCH at sample 1670: rtl=-1736 golden=-40 err=1696
MISMATCH at sample 1671: rtl=-1643 golden=273 err=1916
MISMATCH at sample 1672: rtl=-1456 golden=540 err=1996
MISMATCH at sample 1673: rtl=-1106 golden=872 err=1978
MISMATCH at sample 1674: rtl=-884 golden=1080 err=1964
MISMATCH at sample 1675: rtl=-380 golden=1286 err=1666
MISMATCH at sample 1676: rtl=-126 golden=1429 err=1555
MISMATCH at sample 1677: rtl=358 golden=1555 err=1197
MISMATCH at sample 1678: rtl=695 golden=1618 err=923
MISMATCH at sample 1679: rtl=847 golden=1582 err=735
MISMATCH at sample 1680: rtl=1311 golden=1494 err=183
MISMATCH at sample 1681: rtl=1236 golden=1269 err=33
MISMATCH at sample 1682: rtl=1592 golden=1138 err=454
MISMATCH at sample 1683: rtl=1510 golden=719 err=791
MISMATCH at sample 1684: rtl=1557 golden=495 err=1062
MISMATCH at sample 1685: rtl=1586 golden=45 err=1541
MISMATCH at sample 1686: rtl=1372 golden=-229 err=1601
MISMATCH at sample 1687: rtl=1183 golden=-617 err=1800
MISMATCH at sample 1688: rtl=956 golden=-867 err=1823
MISMATCH at sample 1689: rtl=545 golden=-1161 err=1706
MISMATCH at sample 1690: rtl=246 golden=-1373 err=1619
MISMATCH at sample 1691: rtl=-201 golden=-1526 err=1325
MISMATCH at sample 1692: rtl=-607 golden=-1703 err=1096
MISMATCH at sample 1693: rtl=-834 golden=-1735 err=901
MISMATCH at sample 1694: rtl=-1268 golden=-1810 err=542
MISMATCH at sample 1695: rtl=-1420 golden=-1737 err=317
MISMATCH at sample 1696: rtl=-1594 golden=-1644 err=50
MISMATCH at sample 1697: rtl=-1769 golden=-1457 err=312
MISMATCH at sample 1698: rtl=-1690 golden=-1107 err=583
MISMATCH at sample 1699: rtl=-1728 golden=-885 err=843
MISMATCH at sample 1700: rtl=-1572 golden=-381 err=1191
MISMATCH at sample 1701: rtl=-1339 golden=-127 err=1212
MISMATCH at sample 1702: rtl=-1224 golden=358 err=1582
MISMATCH at sample 1703: rtl=-800 golden=695 err=1495
MISMATCH at sample 1704: rtl=-542 golden=847 err=1389
MISMATCH at sample 1705: rtl=-196 golden=1311 err=1507
MISMATCH at sample 1706: rtl=147 golden=1236 err=1089
MISMATCH at sample 1707: rtl=447 golden=1592 err=1145
MISMATCH at sample 1708: rtl=808 golden=1510 err=702
MISMATCH at sample 1709: rtl=1038 golden=1557 err=519
MISMATCH at sample 1710: rtl=1279 golden=1586 err=307
MISMATCH at sample 1711: rtl=1435 golden=1372 err=63
MISMATCH at sample 1712: rtl=1535 golden=1183 err=352
MISMATCH at sample 1713: rtl=1603 golden=956 err=647
MISMATCH at sample 1714: rtl=1467 golden=545 err=922
MISMATCH at sample 1715: rtl=1469 golden=246 err=1223
MISMATCH at sample 1716: rtl=1196 golden=-202 err=1398
MISMATCH at sample 1717: rtl=1035 golden=-608 err=1643
MISMATCH at sample 1718: rtl=751 golden=-835 err=1586
MISMATCH at sample 1719: rtl=423 golden=-1269 err=1692
MISMATCH at sample 1720: rtl=177 golden=-1421 err=1598
MISMATCH at sample 1721: rtl=-288 golden=-1595 err=1307
MISMATCH at sample 1722: rtl=-481 golden=-1770 err=1289
MISMATCH at sample 1723: rtl=-962 golden=-1691 err=729
MISMATCH at sample 1724: rtl=-1168 golden=-1729 err=561
MISMATCH at sample 1725: rtl=-1394 golden=-1573 err=179
MISMATCH at sample 1726: rtl=-1676 golden=-1340 err=336
MISMATCH at sample 1727: rtl=-1656 golden=-1225 err=431
MISMATCH at sample 1728: rtl=-1823 golden=-801 err=1022
MISMATCH at sample 1729: rtl=-1688 golden=-543 err=1145
MISMATCH at sample 1730: rtl=-1548 golden=-197 err=1351
MISMATCH at sample 1731: rtl=-1404 golden=147 err=1551
MISMATCH at sample 1732: rtl=-985 golden=447 err=1432
MISMATCH at sample 1733: rtl=-712 golden=808 err=1520
MISMATCH at sample 1734: rtl=-272 golden=1038 err=1310
MISMATCH at sample 1735: rtl=175 golden=1279 err=1104
MISMATCH at sample 1736: rtl=445 golden=1435 err=990
MISMATCH at sample 1737: rtl=940 golden=1535 err=595
MISMATCH at sample 1738: rtl=1083 golden=1603 err=520
MISMATCH at sample 1739: rtl=1305 golden=1467 err=162
MISMATCH at sample 1740: rtl=1465 golden=1469 err=4
MISMATCH at sample 1741: rtl=1435 golden=1196 err=239
MISMATCH at sample 1742: rtl=1511 golden=1035 err=476
MISMATCH at sample 1743: rtl=1432 golden=751 err=681
MISMATCH at sample 1744: rtl=1299 golden=423 err=876
MISMATCH at sample 1745: rtl=1313 golden=177 err=1136
MISMATCH at sample 1746: rtl=975 golden=-289 err=1264
MISMATCH at sample 1747: rtl=898 golden=-482 err=1380
MISMATCH at sample 1748: rtl=500 golden=-963 err=1463
MISMATCH at sample 1749: rtl=275 golden=-1169 err=1444
MISMATCH at sample 1750: rtl=-29 golden=-1395 err=1366
MISMATCH at sample 1751: rtl=-458 golden=-1677 err=1219
MISMATCH at sample 1752: rtl=-673 golden=-1657 err=984
MISMATCH at sample 1753: rtl=-1086 golden=-1824 err=738
MISMATCH at sample 1754: rtl=-1186 golden=-1689 err=503
MISMATCH at sample 1755: rtl=-1461 golden=-1549 err=88
MISMATCH at sample 1756: rtl=-1531 golden=-1405 err=126
MISMATCH at sample 1757: rtl=-1561 golden=-986 err=575
MISMATCH at sample 1758: rtl=-1567 golden=-713 err=854
MISMATCH at sample 1759: rtl=-1426 golden=-273 err=1153
MISMATCH at sample 1760: rtl=-1263 golden=175 err=1438
MISMATCH at sample 1761: rtl=-1028 golden=445 err=1473
MISMATCH at sample 1762: rtl=-698 golden=940 err=1638
MISMATCH at sample 1763: rtl=-454 golden=1083 err=1537
MISMATCH at sample 1764: rtl=71 golden=1305 err=1234
MISMATCH at sample 1765: rtl=327 golden=1465 err=1138
MISMATCH at sample 1766: rtl=755 golden=1435 err=680
MISMATCH at sample 1767: rtl=1028 golden=1511 err=483
MISMATCH at sample 1768: rtl=1236 golden=1432 err=196
MISMATCH at sample 1769: rtl=1553 golden=1299 err=254
MISMATCH at sample 1770: rtl=1498 golden=1313 err=185
MISMATCH at sample 1771: rtl=1588 golden=975 err=613
MISMATCH at sample 1772: rtl=1490 golden=898 err=592
MISMATCH at sample 1773: rtl=1377 golden=500 err=877
MISMATCH at sample 1774: rtl=1172 golden=275 err=897
MISMATCH at sample 1775: rtl=888 golden=-30 err=918
MISMATCH at sample 1776: rtl=639 golden=-459 err=1098
MISMATCH at sample 1777: rtl=278 golden=-674 err=952
MISMATCH at sample 1778: rtl=-44 golden=-1087 err=1043
MISMATCH at sample 1779: rtl=-428 golden=-1187 err=759
MISMATCH at sample 1780: rtl=-734 golden=-1462 err=728
MISMATCH at sample 1781: rtl=-1041 golden=-1532 err=491
MISMATCH at sample 1782: rtl=-1283 golden=-1562 err=279
MISMATCH at sample 1783: rtl=-1531 golden=-1568 err=37
MISMATCH at sample 1784: rtl=-1614 golden=-1427 err=187
MISMATCH at sample 1785: rtl=-1684 golden=-1264 err=420
MISMATCH at sample 1786: rtl=-1712 golden=-1029 err=683
MISMATCH at sample 1787: rtl=-1585 golden=-699 err=886
MISMATCH at sample 1788: rtl=-1507 golden=-455 err=1052
MISMATCH at sample 1789: rtl=-1235 golden=71 err=1306
MISMATCH at sample 1790: rtl=-960 golden=327 err=1287
MISMATCH at sample 1791: rtl=-727 golden=755 err=1482
MISMATCH at sample 1792: rtl=-236 golden=1028 err=1264
MISMATCH at sample 1793: rtl=94 golden=1236 err=1142
MISMATCH at sample 1794: rtl=536 golden=1553 err=1017
MISMATCH at sample 1795: rtl=885 golden=1498 err=613
MISMATCH at sample 1796: rtl=1145 golden=1588 err=443
MISMATCH at sample 1797: rtl=1509 golden=1490 err=19
MISMATCH at sample 1798: rtl=1573 golden=1377 err=196
MISMATCH at sample 1799: rtl=1739 golden=1172 err=567
MISMATCH at sample 1800: rtl=1636 golden=888 err=748
MISMATCH at sample 1801: rtl=1607 golden=639 err=968
MISMATCH at sample 1802: rtl=1494 golden=278 err=1216
MISMATCH at sample 1803: rtl=1272 golden=-45 err=1317
MISMATCH at sample 1804: rtl=971 golden=-429 err=1400
MISMATCH at sample 1805: rtl=664 golden=-735 err=1399
MISMATCH at sample 1806: rtl=324 golden=-1042 err=1366
MISMATCH at sample 1807: rtl=-59 golden=-1284 err=1225
MISMATCH at sample 1808: rtl=-421 golden=-1532 err=1111
MISMATCH at sample 1809: rtl=-863 golden=-1615 err=752
MISMATCH at sample 1810: rtl=-1070 golden=-1685 err=615
MISMATCH at sample 1811: rtl=-1364 golden=-1713 err=349
MISMATCH at sample 1812: rtl=-1511 golden=-1586 err=75
MISMATCH at sample 1813: rtl=-1618 golden=-1508 err=110
MISMATCH at sample 1814: rtl=-1560 golden=-1236 err=324
MISMATCH at sample 1815: rtl=-1533 golden=-961 err=572
MISMATCH at sample 1816: rtl=-1303 golden=-728 err=575
MISMATCH at sample 1817: rtl=-1150 golden=-237 err=913
MISMATCH at sample 1818: rtl=-803 golden=94 err=897
MISMATCH at sample 1819: rtl=-517 golden=536 err=1053
MISMATCH at sample 1820: rtl=-230 golden=885 err=1115
MISMATCH at sample 1821: rtl=111 golden=1145 err=1034
MISMATCH at sample 1822: rtl=442 golden=1509 err=1067
MISMATCH at sample 1823: rtl=696 golden=1573 err=877
MISMATCH at sample 1824: rtl=953 golden=1739 err=786
MISMATCH at sample 1825: rtl=1163 golden=1636 err=473
MISMATCH at sample 1826: rtl=1294 golden=1607 err=313
MISMATCH at sample 1828: rtl=1373 golden=1272 err=101
MISMATCH at sample 1829: rtl=1489 golden=971 err=518
MISMATCH at sample 1830: rtl=1259 golden=664 err=595
MISMATCH at sample 1831: rtl=1100 golden=324 err=776
MISMATCH at sample 1832: rtl=841 golden=-60 err=901
MISMATCH at sample 1833: rtl=469 golden=-422 err=891
MISMATCH at sample 1834: rtl=181 golden=-864 err=1045
MISMATCH at sample 1835: rtl=-253 golden=-1071 err=818
MISMATCH at sample 1836: rtl=-584 golden=-1365 err=781
MISMATCH at sample 1837: rtl=-918 golden=-1512 err=594
MISMATCH at sample 1838: rtl=-1122 golden=-1619 err=497
MISMATCH at sample 1839: rtl=-1392 golden=-1561 err=169
MISMATCH at sample 1840: rtl=-1456 golden=-1534 err=78
MISMATCH at sample 1841: rtl=-1517 golden=-1304 err=213
MISMATCH at sample 1842: rtl=-1487 golden=-1151 err=336
MISMATCH at sample 1843: rtl=-1295 golden=-804 err=491
MISMATCH at sample 1844: rtl=-1221 golden=-518 err=703
MISMATCH at sample 1845: rtl=-874 golden=-231 err=643
MISMATCH at sample 1846: rtl=-638 golden=111 err=749
MISMATCH at sample 1847: rtl=-284 golden=442 err=726
MISMATCH at sample 1848: rtl=81 golden=696 err=615
MISMATCH at sample 1849: rtl=336 golden=953 err=617
MISMATCH at sample 1850: rtl=730 golden=1163 err=433
MISMATCH at sample 1851: rtl=916 golden=1294 err=378
MISMATCH at sample 1852: rtl=1196 golden=1495 err=299
MISMATCH at sample 1853: rtl=1338 golden=1373 err=35
MISMATCH at sample 1854: rtl=1480 golden=1489 err=9
MISMATCH at sample 1855: rtl=1479 golden=1259 err=220
MISMATCH at sample 1856: rtl=1520 golden=1100 err=420
MISMATCH at sample 1857: rtl=1416 golden=841 err=575
MISMATCH at sample 1858: rtl=1270 golden=469 err=801
MISMATCH at sample 1859: rtl=1042 golden=181 err=861
MISMATCH at sample 1860: rtl=586 golden=-254 err=840
MISMATCH at sample 1861: rtl=420 golden=-585 err=1005
MISMATCH at sample 1862: rtl=-206 golden=-919 err=713
MISMATCH at sample 1863: rtl=-469 golden=-1123 err=654
MISMATCH at sample 1864: rtl=-967 golden=-1393 err=426
MISMATCH at sample 1865: rtl=-1252 golden=-1457 err=205
MISMATCH at sample 1866: rtl=-1413 golden=-1518 err=105
MISMATCH at sample 1867: rtl=-1699 golden=-1488 err=211
MISMATCH at sample 1868: rtl=-1662 golden=-1296 err=366
MISMATCH at sample 1869: rtl=-1803 golden=-1222 err=581
MISMATCH at sample 1870: rtl=-1592 golden=-875 err=717
MISMATCH at sample 1871: rtl=-1561 golden=-639 err=922
MISMATCH at sample 1872: rtl=-1331 golden=-285 err=1046
MISMATCH at sample 1873: rtl=-1054 golden=81 err=1135
MISMATCH at sample 1874: rtl=-796 golden=336 err=1132
MISMATCH at sample 1875: rtl=-317 golden=730 err=1047
MISMATCH at sample 1876: rtl=-52 golden=916 err=968
MISMATCH at sample 1877: rtl=415 golden=1196 err=781
MISMATCH at sample 1878: rtl=790 golden=1338 err=548
MISMATCH at sample 1879: rtl=1073 golden=1480 err=407
MISMATCH at sample 1880: rtl=1381 golden=1479 err=98
MISMATCH at sample 1881: rtl=1470 golden=1520 err=50
MISMATCH at sample 1882: rtl=1623 golden=1416 err=207
MISMATCH at sample 1883: rtl=1521 golden=1270 err=251
MISMATCH at sample 1884: rtl=1444 golden=1042 err=402
MISMATCH at sample 1885: rtl=1231 golden=586 err=645
MISMATCH at sample 1886: rtl=889 golden=420 err=469
MISMATCH at sample 1887: rtl=676 golden=-207 err=883
MISMATCH at sample 1888: rtl=181 golden=-470 err=651
MISMATCH at sample 1889: rtl=-109 golden=-968 err=859
MISMATCH at sample 1890: rtl=-483 golden=-1253 err=770
MISMATCH at sample 1891: rtl=-889 golden=-1414 err=525
MISMATCH at sample 1892: rtl=-1047 golden=-1700 err=653
MISMATCH at sample 1893: rtl=-1389 golden=-1663 err=274
MISMATCH at sample 1894: rtl=-1508 golden=-1804 err=296
MISMATCH at sample 1895: rtl=-1584 golden=-1593 err=9
MISMATCH at sample 1896: rtl=-1683 golden=-1562 err=121
MISMATCH at sample 1897: rtl=-1509 golden=-1332 err=177
MISMATCH at sample 1898: rtl=-1469 golden=-1055 err=414
MISMATCH at sample 1899: rtl=-1141 golden=-797 err=344
MISMATCH at sample 1900: rtl=-968 golden=-318 err=650
MISMATCH at sample 1901: rtl=-509 golden=-53 err=456
MISMATCH at sample 1902: rtl=-188 golden=415 err=603
MISMATCH at sample 1903: rtl=142 golden=790 err=648
MISMATCH at sample 1904: rtl=657 golden=1073 err=416
MISMATCH at sample 1905: rtl=799 golden=1381 err=582
MISMATCH at sample 1906: rtl=1196 golden=1470 err=274
MISMATCH at sample 1907: rtl=1317 golden=1623 err=306
MISMATCH at sample 1908: rtl=1394 golden=1521 err=127
MISMATCH at sample 1909: rtl=1539 golden=1444 err=95
MISMATCH at sample 1910: rtl=1310 golden=1231 err=79
MISMATCH at sample 1911: rtl=1335 golden=889 err=446
MISMATCH at sample 1912: rtl=1010 golden=676 err=334
MISMATCH at sample 1913: rtl=813 golden=181 err=632
MISMATCH at sample 1914: rtl=462 golden=-110 err=572
MISMATCH at sample 1915: rtl=-6 golden=-484 err=478
MISMATCH at sample 1916: rtl=-241 golden=-890 err=649
MISMATCH at sample 1917: rtl=-810 golden=-1048 err=238
MISMATCH at sample 1918: rtl=-1037 golden=-1390 err=353
MISMATCH at sample 1919: rtl=-1424 golden=-1509 err=85
MISMATCH at sample 1920: rtl=-1631 golden=-1585 err=46
MISMATCH at sample 1921: rtl=-1793 golden=-1684 err=109
MISMATCH at sample 1922: rtl=-1843 golden=-1510 err=333
MISMATCH at sample 1923: rtl=-1852 golden=-1470 err=382
MISMATCH at sample 1924: rtl=-1674 golden=-1142 err=532
MISMATCH at sample 1925: rtl=-1447 golden=-969 err=478
MISMATCH at sample 1926: rtl=-1196 golden=-510 err=686
MISMATCH at sample 1927: rtl=-707 golden=-189 err=518
MISMATCH at sample 1928: rtl=-464 golden=142 err=606
MISMATCH at sample 1929: rtl=110 golden=657 err=547
MISMATCH at sample 1930: rtl=446 golden=799 err=353
MISMATCH at sample 1931: rtl=780 golden=1196 err=416
MISMATCH at sample 1932: rtl=1164 golden=1317 err=153
MISMATCH at sample 1933: rtl=1208 golden=1394 err=186
MISMATCH at sample 1934: rtl=1534 golden=1539 err=5
MISMATCH at sample 1935: rtl=1406 golden=1310 err=96
MISMATCH at sample 1936: rtl=1460 golden=1335 err=125
MISMATCH at sample 1937: rtl=1290 golden=1010 err=280
MISMATCH at sample 1938: rtl=1077 golden=813 err=264
MISMATCH at sample 1939: rtl=856 golden=462 err=394
MISMATCH at sample 1940: rtl=457 golden=-7 err=464
MISMATCH at sample 1941: rtl=171 golden=-242 err=413
MISMATCH at sample 1942: rtl=-290 golden=-811 err=521
MISMATCH at sample 1943: rtl=-575 golden=-1038 err=463
MISMATCH at sample 1944: rtl=-970 golden=-1425 err=455
MISMATCH at sample 1945: rtl=-1204 golden=-1632 err=428
MISMATCH at sample 1946: rtl=-1436 golden=-1794 err=358
MISMATCH at sample 1947: rtl=-1576 golden=-1844 err=268
MISMATCH at sample 1948: rtl=-1622 golden=-1853 err=231
MISMATCH at sample 1949: rtl=-1552 golden=-1675 err=123
MISMATCH at sample 1950: rtl=-1461 golden=-1448 err=13
MISMATCH at sample 1951: rtl=-1195 golden=-1197 err=2
MISMATCH at sample 1952: rtl=-1040 golden=-708 err=332
MISMATCH at sample 1953: rtl=-565 golden=-465 err=100
MISMATCH at sample 1954: rtl=-293 golden=110 err=403
MISMATCH at sample 1955: rtl=119 golden=446 err=327
MISMATCH at sample 1956: rtl=565 golden=780 err=215
MISMATCH at sample 1957: rtl=781 golden=1164 err=383
MISMATCH at sample 1958: rtl=1298 golden=1208 err=90
MISMATCH at sample 1959: rtl=1364 golden=1534 err=170
MISMATCH at sample 1960: rtl=1610 golden=1406 err=204
MISMATCH at sample 1961: rtl=1612 golden=1460 err=152
MISMATCH at sample 1962: rtl=1565 golden=1290 err=275
MISMATCH at sample 1963: rtl=1436 golden=1077 err=359
MISMATCH at sample 1964: rtl=1153 golden=856 err=297
MISMATCH at sample 1965: rtl=817 golden=457 err=360
MISMATCH at sample 1966: rtl=501 golden=171 err=330
MISMATCH at sample 1967: rtl=77 golden=-291 err=368
MISMATCH at sample 1968: rtl=-276 golden=-576 err=300
MISMATCH at sample 1969: rtl=-639 golden=-971 err=332
MISMATCH at sample 1970: rtl=-982 golden=-1205 err=223
MISMATCH at sample 1971: rtl=-1151 golden=-1437 err=286
MISMATCH at sample 1972: rtl=-1428 golden=-1577 err=149
MISMATCH at sample 1973: rtl=-1482 golden=-1623 err=141
MISMATCH at sample 1974: rtl=-1541 golden=-1553 err=12
MISMATCH at sample 1975: rtl=-1447 golden=-1462 err=15
MISMATCH at sample 1976: rtl=-1350 golden=-1196 err=154
MISMATCH at sample 1977: rtl=-1093 golden=-1041 err=52
MISMATCH at sample 1978: rtl=-871 golden=-566 err=305
MISMATCH at sample 1979: rtl=-493 golden=-294 err=199
MISMATCH at sample 1980: rtl=-119 golden=119 err=238
MISMATCH at sample 1981: rtl=192 golden=565 err=373
MISMATCH at sample 1982: rtl=602 golden=781 err=179
MISMATCH at sample 1983: rtl=903 golden=1298 err=395
MISMATCH at sample 1984: rtl=1198 golden=1364 err=166
MISMATCH at sample 1985: rtl=1364 golden=1610 err=246
MISMATCH at sample 1986: rtl=1543 golden=1612 err=69
MISMATCH at sample 1987: rtl=1583 golden=1565 err=18
MISMATCH at sample 1988: rtl=1532 golden=1436 err=96
MISMATCH at sample 1989: rtl=1497 golden=1153 err=344
MISMATCH at sample 1990: rtl=1231 golden=817 err=414
MISMATCH at sample 1991: rtl=979 golden=501 err=478
MISMATCH at sample 1992: rtl=726 golden=77 err=649
MISMATCH at sample 1993: rtl=196 golden=-277 err=473
MISMATCH at sample 1994: rtl=-47 golden=-640 err=593
MISMATCH at sample 1995: rtl=-542 golden=-983 err=441
MISMATCH at sample 1996: rtl=-882 golden=-1152 err=270
MISMATCH at sample 1997: rtl=-1187 golden=-1429 err=242
MISMATCH at sample 1998: rtl=-1456 golden=-1483 err=27
MISMATCH at sample 1999: rtl=-1552 golden=-1542 err=10
MISMATCH at sample 2000: rtl=-1653 golden=-1448 err=205
MISMATCH at sample 2001: rtl=-1595 golden=-1351 err=244
MISMATCH at sample 2002: rtl=-1465 golden=-1094 err=371
MISMATCH at sample 2003: rtl=-1278 golden=-872 err=406
MISMATCH at sample 2004: rtl=-920 golden=-494 err=426
MISMATCH at sample 2005: rtl=-715 golden=-120 err=595
MISMATCH at sample 2006: rtl=-171 golden=192 err=363
MISMATCH at sample 2007: rtl=126 golden=602 err=476
MISMATCH at sample 2008: rtl=551 golden=903 err=352
MISMATCH at sample 2009: rtl=963 golden=1198 err=235
MISMATCH at sample 2010: rtl=1183 golden=1364 err=181
MISMATCH at sample 2011: rtl=1518 golden=1543 err=25
MISMATCH at sample 2012: rtl=1512 golden=1583 err=71
MISMATCH at sample 2013: rtl=1651 golden=1532 err=119
MISMATCH at sample 2014: rtl=1415 golden=1497 err=82
MISMATCH at sample 2015: rtl=1369 golden=1231 err=138
MISMATCH at sample 2016: rtl=977 golden=979 err=2
MISMATCH at sample 2017: rtl=718 golden=726 err=8
MISMATCH at sample 2018: rtl=387 golden=196 err=191
MISMATCH at sample 2019: rtl=-107 golden=-48 err=59
MISMATCH at sample 2020: rtl=-311 golden=-543 err=232
MISMATCH at sample 2021: rtl=-820 golden=-883 err=63
MISMATCH at sample 2022: rtl=-990 golden=-1188 err=198
MISMATCH at sample 2023: rtl=-1280 golden=-1457 err=177
MISMATCH at sample 2024: rtl=-1462 golden=-1553 err=91
MISMATCH at sample 2025: rtl=-1483 golden=-1654 err=171
MISMATCH at sample 2026: rtl=-1480 golden=-1596 err=116
MISMATCH at sample 2027: rtl=-1363 golden=-1466 err=103
MISMATCH at sample 2028: rtl=-1072 golden=-1279 err=207
MISMATCH at sample 2029: rtl=-815 golden=-921 err=106
MISMATCH at sample 2030: rtl=-374 golden=-716 err=342
MISMATCH at sample 2031: rtl=93 golden=-172 err=265
MISMATCH at sample 2032: rtl=393 golden=126 err=267
MISMATCH at sample 2033: rtl=929 golden=551 err=378
MISMATCH at sample 2034: rtl=1122 golden=963 err=159
MISMATCH at sample 2035: rtl=1364 golden=1183 err=181
MISMATCH at sample 2036: rtl=1510 golden=1518 err=8
MISMATCH at sample 2037: rtl=1504 golden=1512 err=8
MISMATCH at sample 2038: rtl=1451 golden=1651 err=200
MISMATCH at sample 2039: rtl=1386 golden=1415 err=29
MISMATCH at sample 2040: rtl=1067 golden=1369 err=302
MISMATCH at sample 2041: rtl=931 golden=977 err=46
MISMATCH at sample 2042: rtl=625 golden=718 err=93
MISMATCH at sample 2043: rtl=224 golden=387 err=163
MISMATCH at sample 2044: rtl=-28 golden=-108 err=80
MISMATCH at sample 2045: rtl=-540 golden=-312 err=228
MISMATCH at sample 2046: rtl=-776 golden=-821 err=45
MISMATCH at sample 2047: rtl=-1168 golden=-991 err=177
MISMATCH at sample 2048: rtl=-1436 golden=-1281 err=155
MISMATCH at sample 2049: rtl=-1565 golden=-1463 err=102
MISMATCH at sample 2050: rtl=-1700 golden=-1484 err=216
MISMATCH at sample 2051: rtl=-1623 golden=-1481 err=142
MISMATCH at sample 2052: rtl=-1515 golden=-1364 err=151
MISMATCH at sample 2053: rtl=-1309 golden=-1073 err=236
MISMATCH at sample 2054: rtl=-985 golden=-816 err=169
MISMATCH at sample 2055: rtl=-641 golden=-375 err=266
MISMATCH at sample 2056: rtl=-268 golden=93 err=361
MISMATCH at sample 2057: rtl=204 golden=393 err=189
MISMATCH at sample 2058: rtl=513 golden=929 err=416
MISMATCH at sample 2059: rtl=897 golden=1122 err=225
MISMATCH at sample 2060: rtl=1199 golden=1364 err=165
MISMATCH at sample 2061: rtl=1423 golden=1510 err=87
MISMATCH at sample 2062: rtl=1537 golden=1504 err=33
MISMATCH at sample 2063: rtl=1518 golden=1451 err=67
MISMATCH at sample 2064: rtl=1455 golden=1386 err=69
MISMATCH at sample 2065: rtl=1252 golden=1067 err=185
MISMATCH at sample 2066: rtl=948 golden=931 err=17
MISMATCH at sample 2067: rtl=587 golden=625 err=38
MISMATCH at sample 2068: rtl=173 golden=224 err=51
MISMATCH at sample 2069: rtl=-183 golden=-29 err=154
MISMATCH at sample 2070: rtl=-584 golden=-541 err=43
MISMATCH at sample 2071: rtl=-896 golden=-777 err=119
MISMATCH at sample 2072: rtl=-1161 golden=-1169 err=8
MISMATCH at sample 2073: rtl=-1375 golden=-1437 err=62
MISMATCH at sample 2074: rtl=-1457 golden=-1566 err=109
MISMATCH at sample 2075: rtl=-1480 golden=-1701 err=221
MISMATCH at sample 2076: rtl=-1410 golden=-1624 err=214
MISMATCH at sample 2077: rtl=-1245 golden=-1516 err=271
MISMATCH at sample 2078: rtl=-1050 golden=-1310 err=260
MISMATCH at sample 2079: rtl=-700 golden=-986 err=286
MISMATCH at sample 2080: rtl=-294 golden=-642 err=348
MISMATCH at sample 2081: rtl=25 golden=-269 err=294
MISMATCH at sample 2082: rtl=447 golden=204 err=243
MISMATCH at sample 2083: rtl=782 golden=513 err=269
MISMATCH at sample 2084: rtl=1128 golden=897 err=231
MISMATCH at sample 2085: rtl=1303 golden=1199 err=104
MISMATCH at sample 2086: rtl=1460 golden=1423 err=37
MISMATCH at sample 2087: rtl=1496 golden=1537 err=41
MISMATCH at sample 2088: rtl=1443 golden=1518 err=75
MISMATCH at sample 2089: rtl=1315 golden=1455 err=140
MISMATCH at sample 2090: rtl=1084 golden=1252 err=168
MISMATCH at sample 2091: rtl=764 golden=948 err=184
MISMATCH at sample 2092: rtl=440 golden=587 err=147
MISMATCH at sample 2093: rtl=13 golden=173 err=160
MISMATCH at sample 2094: rtl=-365 golden=-184 err=181
MISMATCH at sample 2095: rtl=-726 golden=-585 err=141
MISMATCH at sample 2096: rtl=-1084 golden=-897 err=187
MISMATCH at sample 2097: rtl=-1288 golden=-1162 err=126
MISMATCH at sample 2098: rtl=-1493 golden=-1376 err=117
MISMATCH at sample 2099: rtl=-1499 golden=-1458 err=41
MISMATCH at sample 2100: rtl=-1474 golden=-1481 err=7
MISMATCH at sample 2101: rtl=-1286 golden=-1411 err=125
MISMATCH at sample 2102: rtl=-1016 golden=-1246 err=230
MISMATCH at sample 2103: rtl=-734 golden=-1051 err=317
MISMATCH at sample 2104: rtl=-231 golden=-701 err=470
MISMATCH at sample 2105: rtl=72 golden=-295 err=367
MISMATCH at sample 2106: rtl=606 golden=25 err=581
MISMATCH at sample 2107: rtl=951 golden=447 err=504
MISMATCH at sample 2108: rtl=1221 golden=782 err=439
MISMATCH at sample 2109: rtl=1569 golden=1128 err=441
MISMATCH at sample 2110: rtl=1560 golden=1303 err=257
MISMATCH at sample 2111: rtl=1687 golden=1460 err=227
MISMATCH at sample 2112: rtl=1518 golden=1496 err=22
MISMATCH at sample 2113: rtl=1379 golden=1443 err=64
MISMATCH at sample 2114: rtl=1130 golden=1315 err=185
MISMATCH at sample 2115: rtl=804 golden=1084 err=280
MISMATCH at sample 2116: rtl=450 golden=764 err=314
MISMATCH at sample 2117: rtl=86 golden=440 err=354
MISMATCH at sample 2118: rtl=-247 golden=13 err=260
MISMATCH at sample 2119: rtl=-653 golden=-366 err=287
MISMATCH at sample 2120: rtl=-866 golden=-727 err=139
MISMATCH at sample 2121: rtl=-1253 golden=-1085 err=168
MISMATCH at sample 2122: rtl=-1327 golden=-1289 err=38
MISMATCH at sample 2123: rtl=-1409 golden=-1494 err=85
MISMATCH at sample 2124: rtl=-1507 golden=-1500 err=7
MISMATCH at sample 2125: rtl=-1259 golden=-1475 err=216
MISMATCH at sample 2126: rtl=-1174 golden=-1287 err=113
MISMATCH at sample 2127: rtl=-740 golden=-1017 err=277
MISMATCH at sample 2128: rtl=-434 golden=-735 err=301
MISMATCH at sample 2129: rtl=-55 golden=-232 err=177
MISMATCH at sample 2130: rtl=396 golden=72 err=324
MISMATCH at sample 2131: rtl=734 golden=606 err=128
MISMATCH at sample 2132: rtl=1129 golden=951 err=178
MISMATCH at sample 2133: rtl=1265 golden=1221 err=44
MISMATCH at sample 2134: rtl=1518 golden=1569 err=51
MISMATCH at sample 2135: rtl=1479 golden=1560 err=81
MISMATCH at sample 2136: rtl=1488 golden=1687 err=199
MISMATCH at sample 2137: rtl=1249 golden=1518 err=269
MISMATCH at sample 2138: rtl=1047 golden=1379 err=332
MISMATCH at sample 2139: rtl=720 golden=1130 err=410
MISMATCH at sample 2140: rtl=350 golden=804 err=454
MISMATCH at sample 2141: rtl=8 golden=450 err=442
MISMATCH at sample 2142: rtl=-348 golden=86 err=434
MISMATCH at sample 2143: rtl=-636 golden=-248 err=388
MISMATCH at sample 2144: rtl=-935 golden=-654 err=281
MISMATCH at sample 2145: rtl=-1165 golden=-867 err=298
MISMATCH at sample 2146: rtl=-1305 golden=-1254 err=51
MISMATCH at sample 2147: rtl=-1385 golden=-1328 err=57
MISMATCH at sample 2148: rtl=-1459 golden=-1410 err=49
MISMATCH at sample 2149: rtl=-1335 golden=-1508 err=173
MISMATCH at sample 2150: rtl=-1157 golden=-1260 err=103
MISMATCH at sample 2151: rtl=-874 golden=-1175 err=301
MISMATCH at sample 2152: rtl=-470 golden=-741 err=271
MISMATCH at sample 2153: rtl=-74 golden=-435 err=361
MISMATCH at sample 2154: rtl=385 golden=-56 err=441
MISMATCH at sample 2155: rtl=841 golden=396 err=445
MISMATCH at sample 2156: rtl=1164 golden=734 err=430
MISMATCH at sample 2157: rtl=1457 golden=1129 err=328
MISMATCH at sample 2158: rtl=1540 golden=1265 err=275
MISMATCH at sample 2159: rtl=1566 golden=1518 err=48
MISMATCH at sample 2160: rtl=1365 golden=1479 err=114
MISMATCH at sample 2161: rtl=1213 golden=1488 err=275
MISMATCH at sample 2162: rtl=762 golden=1249 err=487
MISMATCH at sample 2163: rtl=434 golden=1047 err=613
MISMATCH at sample 2164: rtl=56 golden=720 err=664
MISMATCH at sample 2165: rtl=-396 golden=350 err=746
MISMATCH at sample 2166: rtl=-596 golden=8 err=604
MISMATCH at sample 2167: rtl=-1066 golden=-349 err=717
MISMATCH at sample 2168: rtl=-1182 golden=-637 err=545
MISMATCH at sample 2169: rtl=-1369 golden=-936 err=433
MISMATCH at sample 2170: rtl=-1509 golden=-1166 err=343
MISMATCH at sample 2171: rtl=-1476 golden=-1306 err=170
MISMATCH at sample 2172: rtl=-1460 golden=-1386 err=74
MISMATCH at sample 2173: rtl=-1272 golden=-1460 err=188
MISMATCH at sample 2174: rtl=-975 golden=-1336 err=361
MISMATCH at sample 2175: rtl=-704 golden=-1158 err=454
MISMATCH at sample 2176: rtl=-305 golden=-875 err=570
MISMATCH at sample 2177: rtl=148 golden=-471 err=619
MISMATCH at sample 2178: rtl=515 golden=-75 err=590
MISMATCH at sample 2179: rtl=935 golden=385 err=550
MISMATCH at sample 2180: rtl=1201 golden=841 err=360
MISMATCH at sample 2181: rtl=1429 golden=1164 err=265
MISMATCH at sample 2182: rtl=1551 golden=1457 err=94
MISMATCH at sample 2183: rtl=1528 golden=1540 err=12
MISMATCH at sample 2184: rtl=1418 golden=1566 err=148
MISMATCH at sample 2185: rtl=1180 golden=1365 err=185
MISMATCH at sample 2186: rtl=862 golden=1213 err=351
MISMATCH at sample 2187: rtl=500 golden=762 err=262
MISMATCH at sample 2188: rtl=141 golden=434 err=293
MISMATCH at sample 2189: rtl=-254 golden=56 err=310
MISMATCH at sample 2190: rtl=-635 golden=-397 err=238
MISMATCH at sample 2191: rtl=-872 golden=-597 err=275
MISMATCH at sample 2192: rtl=-1173 golden=-1067 err=106
MISMATCH at sample 2193: rtl=-1247 golden=-1183 err=64
MISMATCH at sample 2194: rtl=-1382 golden=-1370 err=12
MISMATCH at sample 2195: rtl=-1380 golden=-1510 err=130
MISMATCH at sample 2196: rtl=-1200 golden=-1477 err=277
MISMATCH at sample 2197: rtl=-1078 golden=-1461 err=383
MISMATCH at sample 2198: rtl=-692 golden=-1273 err=581
MISMATCH at sample 2199: rtl=-449 golden=-976 err=527
MISMATCH at sample 2200: rtl=1 golden=-705 err=706
MISMATCH at sample 2201: rtl=404 golden=-306 err=710
MISMATCH at sample 2202: rtl=734 golden=148 err=586
MISMATCH at sample 2203: rtl=1142 golden=515 err=627
MISMATCH at sample 2204: rtl=1316 golden=935 err=381
MISMATCH at sample 2205: rtl=1524 golden=1201 err=323
MISMATCH at sample 2206: rtl=1586 golden=1429 err=157
MISMATCH at sample 2207: rtl=1422 golden=1551 err=129
MISMATCH at sample 2208: rtl=1293 golden=1528 err=235
MISMATCH at sample 2209: rtl=960 golden=1418 err=458
MISMATCH at sample 2210: rtl=500 golden=1180 err=680
MISMATCH at sample 2211: rtl=167 golden=862 err=695
MISMATCH at sample 2212: rtl=-456 golden=500 err=956
MISMATCH at sample 2213: rtl=-745 golden=141 err=886
MISMATCH at sample 2214: rtl=-1165 golden=-255 err=910
MISMATCH at sample 2215: rtl=-1485 golden=-636 err=849
MISMATCH at sample 2216: rtl=-1533 golden=-873 err=660
MISMATCH at sample 2217: rtl=-1691 golden=-1174 err=517
MISMATCH at sample 2218: rtl=-1512 golden=-1248 err=264
MISMATCH at sample 2219: rtl=-1388 golden=-1383 err=5
MISMATCH at sample 2220: rtl=-1081 golden=-1381 err=300
MISMATCH at sample 2221: rtl=-694 golden=-1201 err=507
MISMATCH at sample 2222: rtl=-399 golden=-1079 err=680
MISMATCH at sample 2223: rtl=87 golden=-693 err=780
MISMATCH at sample 2224: rtl=460 golden=-450 err=910
MISMATCH at sample 2225: rtl=815 golden=1 err=814
MISMATCH at sample 2226: rtl=1072 golden=404 err=668
MISMATCH at sample 2227: rtl=1274 golden=734 err=540
MISMATCH at sample 2228: rtl=1393 golden=1142 err=251
MISMATCH at sample 2229: rtl=1348 golden=1316 err=32
MISMATCH at sample 2230: rtl=1292 golden=1524 err=232
MISMATCH at sample 2231: rtl=899 golden=1586 err=687
MISMATCH at sample 2232: rtl=812 golden=1422 err=610
MISMATCH at sample 2233: rtl=255 golden=1293 err=1038
MISMATCH at sample 2234: rtl=-27 golden=960 err=987
MISMATCH at sample 2235: rtl=-410 golden=500 err=910
MISMATCH at sample 2236: rtl=-872 golden=167 err=1039
MISMATCH at sample 2237: rtl=-1027 golden=-457 err=570
MISMATCH at sample 2238: rtl=-1387 golden=-746 err=641
MISMATCH at sample 2239: rtl=-1419 golden=-1166 err=253
MISMATCH at sample 2240: rtl=-1494 golden=-1486 err=8
MISMATCH at sample 2241: rtl=-1400 golden=-1534 err=134
MISMATCH at sample 2242: rtl=-1195 golden=-1692 err=497
MISMATCH at sample 2243: rtl=-909 golden=-1513 err=604
MISMATCH at sample 2244: rtl=-599 golden=-1389 err=790
MISMATCH at sample 2245: rtl=-152 golden=-1082 err=930
MISMATCH at sample 2246: rtl=192 golden=-695 err=887
MISMATCH at sample 2247: rtl=607 golden=-400 err=1007
MISMATCH at sample 2248: rtl=929 golden=87 err=842
MISMATCH at sample 2249: rtl=1160 golden=460 err=700
MISMATCH at sample 2250: rtl=1411 golden=815 err=596
MISMATCH at sample 2251: rtl=1354 golden=1072 err=282
MISMATCH at sample 2252: rtl=1366 golden=1274 err=92
MISMATCH at sample 2253: rtl=1204 golden=1393 err=189
MISMATCH at sample 2254: rtl=913 golden=1348 err=435
MISMATCH at sample 2255: rtl=598 golden=1292 err=694
MISMATCH at sample 2256: rtl=116 golden=899 err=783
MISMATCH at sample 2257: rtl=-209 golden=812 err=1021
MISMATCH at sample 2258: rtl=-557 golden=255 err=812
MISMATCH at sample 2259: rtl=-1023 golden=-28 err=995
MISMATCH at sample 2260: rtl=-1161 golden=-411 err=750
MISMATCH at sample 2261: rtl=-1370 golden=-873 err=497
MISMATCH at sample 2262: rtl=-1400 golden=-1028 err=372
MISMATCH at sample 2263: rtl=-1271 golden=-1388 err=117
MISMATCH at sample 2264: rtl=-1233 golden=-1420 err=187
MISMATCH at sample 2265: rtl=-878 golden=-1495 err=617
MISMATCH at sample 2266: rtl=-590 golden=-1401 err=811
MISMATCH at sample 2267: rtl=-199 golden=-1196 err=997
MISMATCH at sample 2268: rtl=252 golden=-910 err=1162
MISMATCH at sample 2269: rtl=557 golden=-600 err=1157
MISMATCH at sample 2270: rtl=959 golden=-153 err=1112
MISMATCH at sample 2271: rtl=1301 golden=192 err=1109
MISMATCH at sample 2272: rtl=1520 golden=607 err=913
MISMATCH at sample 2273: rtl=1624 golden=929 err=695
MISMATCH at sample 2274: rtl=1637 golden=1160 err=477
MISMATCH at sample 2275: rtl=1509 golden=1411 err=98
MISMATCH at sample 2276: rtl=1315 golden=1354 err=39
MISMATCH at sample 2277: rtl=942 golden=1366 err=424
MISMATCH at sample 2278: rtl=451 golden=1204 err=753
MISMATCH at sample 2279: rtl=54 golden=913 err=859
MISMATCH at sample 2280: rtl=-467 golden=598 err=1065
MISMATCH at sample 2281: rtl=-857 golden=116 err=973
MISMATCH at sample 2282: rtl=-1190 golden=-210 err=980
MISMATCH at sample 2283: rtl=-1473 golden=-558 err=915
MISMATCH at sample 2284: rtl=-1449 golden=-1024 err=425
MISMATCH at sample 2285: rtl=-1534 golden=-1162 err=372
MISMATCH at sample 2286: rtl=-1290 golden=-1371 err=81
MISMATCH at sample 2287: rtl=-1078 golden=-1401 err=323
MISMATCH at sample 2288: rtl=-746 golden=-1272 err=526
MISMATCH at sample 2289: rtl=-316 golden=-1234 err=918
MISMATCH at sample 2290: rtl=51 golden=-879 err=930
MISMATCH at sample 2291: rtl=507 golden=-591 err=1098
MISMATCH at sample 2292: rtl=853 golden=-200 err=1053
MISMATCH at sample 2293: rtl=1237 golden=252 err=985
MISMATCH at sample 2294: rtl=1437 golden=557 err=880
MISMATCH at sample 2295: rtl=1643 golden=959 err=684
MISMATCH at sample 2296: rtl=1666 golden=1301 err=365
MISMATCH at sample 2297: rtl=1615 golden=1520 err=95
MISMATCH at sample 2298: rtl=1478 golden=1624 err=146
MISMATCH at sample 2299: rtl=1182 golden=1637 err=455
MISMATCH at sample 2300: rtl=787 golden=1509 err=722
MISMATCH at sample 2301: rtl=439 golden=1315 err=876
MISMATCH at sample 2302: rtl=-83 golden=942 err=1025
MISMATCH at sample 2303: rtl=-409 golden=451 err=860
MISMATCH at sample 2304: rtl=-919 golden=54 err=973
MISMATCH at sample 2305: rtl=-1119 golden=-468 err=651
MISMATCH at sample 2306: rtl=-1378 golden=-858 err=520
MISMATCH at sample 2307: rtl=-1455 golden=-1191 err=264
MISMATCH at sample 2308: rtl=-1387 golden=-1474 err=87
MISMATCH at sample 2309: rtl=-1335 golden=-1450 err=115
MISMATCH at sample 2310: rtl=-970 golden=-1535 err=565
MISMATCH at sample 2311: rtl=-767 golden=-1291 err=524
MISMATCH at sample 2312: rtl=-280 golden=-1079 err=799
MISMATCH at sample 2313: rtl=116 golden=-747 err=863
MISMATCH at sample 2314: rtl=536 golden=-317 err=853
MISMATCH at sample 2315: rtl=951 golden=51 err=900
MISMATCH at sample 2316: rtl=1290 golden=507 err=783
MISMATCH at sample 2317: rtl=1506 golden=853 err=653
MISMATCH at sample 2318: rtl=1578 golden=1237 err=341
MISMATCH at sample 2319: rtl=1535 golden=1437 err=98
MISMATCH at sample 2320: rtl=1333 golden=1643 err=310
MISMATCH at sample 2321: rtl=1052 golden=1666 err=614
MISMATCH at sample 2322: rtl=624 golden=1615 err=991
MISMATCH at sample 2323: rtl=150 golden=1478 err=1328
MISMATCH at sample 2324: rtl=-168 golden=1182 err=1350
MISMATCH at sample 2325: rtl=-678 golden=787 err=1465
MISMATCH at sample 2326: rtl=-945 golden=439 err=1384
MISMATCH at sample 2327: rtl=-1228 golden=-84 err=1144
MISMATCH at sample 2328: rtl=-1374 golden=-410 err=964
MISMATCH at sample 2329: rtl=-1328 golden=-920 err=408
MISMATCH at sample 2330: rtl=-1409 golden=-1120 err=289
MISMATCH at sample 2331: rtl=-1186 golden=-1379 err=193
MISMATCH at sample 2332: rtl=-1001 golden=-1456 err=455
MISMATCH at sample 2333: rtl=-689 golden=-1388 err=699
MISMATCH at sample 2334: rtl=-277 golden=-1336 err=1059
MISMATCH at sample 2335: rtl=35 golden=-971 err=1006
MISMATCH at sample 2336: rtl=510 golden=-768 err=1278
MISMATCH at sample 2337: rtl=870 golden=-281 err=1151
MISMATCH at sample 2338: rtl=1177 golden=116 err=1061
MISMATCH at sample 2339: rtl=1413 golden=536 err=877
MISMATCH at sample 2340: rtl=1536 golden=951 err=585
MISMATCH at sample 2341: rtl=1534 golden=1290 err=244
MISMATCH at sample 2342: rtl=1428 golden=1506 err=78
MISMATCH at sample 2343: rtl=1161 golden=1578 err=417
MISMATCH at sample 2344: rtl=846 golden=1535 err=689
MISMATCH at sample 2345: rtl=479 golden=1333 err=854
MISMATCH at sample 2346: rtl=-36 golden=1052 err=1088
MISMATCH at sample 2347: rtl=-396 golden=624 err=1020
MISMATCH at sample 2348: rtl=-898 golden=150 err=1048
MISMATCH at sample 2349: rtl=-1109 golden=-169 err=940
MISMATCH at sample 2350: rtl=-1399 golden=-679 err=720
MISMATCH at sample 2351: rtl=-1504 golden=-946 err=558
MISMATCH at sample 2352: rtl=-1423 golden=-1229 err=194
MISMATCH at sample 2353: rtl=-1335 golden=-1375 err=40
MISMATCH at sample 2354: rtl=-915 golden=-1329 err=414
MISMATCH at sample 2355: rtl=-742 golden=-1410 err=668
MISMATCH at sample 2356: rtl=-231 golden=-1187 err=956
MISMATCH at sample 2357: rtl=184 golden=-1002 err=1186
MISMATCH at sample 2358: rtl=503 golden=-690 err=1193
MISMATCH at sample 2359: rtl=975 golden=-278 err=1253
MISMATCH at sample 2360: rtl=1108 golden=35 err=1073
MISMATCH at sample 2361: rtl=1357 golden=510 err=847
MISMATCH at sample 2362: rtl=1344 golden=870 err=474
MISMATCH at sample 2363: rtl=1240 golden=1177 err=63
MISMATCH at sample 2364: rtl=1087 golden=1413 err=326
MISMATCH at sample 2365: rtl=775 golden=1536 err=761
MISMATCH at sample 2366: rtl=381 golden=1534 err=1153
MISMATCH at sample 2367: rtl=15 golden=1428 err=1413
MISMATCH at sample 2368: rtl=-391 golden=1161 err=1552
MISMATCH at sample 2369: rtl=-743 golden=846 err=1589
MISMATCH at sample 2370: rtl=-1145 golden=479 err=1624
MISMATCH at sample 2371: rtl=-1373 golden=-37 err=1336
MISMATCH at sample 2372: rtl=-1513 golden=-397 err=1116
MISMATCH at sample 2373: rtl=-1577 golden=-899 err=678
MISMATCH at sample 2374: rtl=-1452 golden=-1110 err=342
MISMATCH at sample 2375: rtl=-1293 golden=-1400 err=107
MISMATCH at sample 2376: rtl=-938 golden=-1505 err=567
MISMATCH at sample 2377: rtl=-489 golden=-1424 err=935
MISMATCH at sample 2378: rtl=-95 golden=-1336 err=1241
MISMATCH at sample 2379: rtl=399 golden=-916 err=1315
MISMATCH at sample 2380: rtl=786 golden=-743 err=1529
MISMATCH at sample 2381: rtl=1063 golden=-232 err=1295
MISMATCH at sample 2382: rtl=1371 golden=184 err=1187
MISMATCH at sample 2383: rtl=1309 golden=503 err=806
MISMATCH at sample 2384: rtl=1308 golden=975 err=333
MISMATCH at sample 2385: rtl=1072 golden=1108 err=36
MISMATCH at sample 2386: rtl=739 golden=1357 err=618
MISMATCH at sample 2387: rtl=513 golden=1344 err=831
MISMATCH at sample 2388: rtl=-78 golden=1240 err=1318
MISMATCH at sample 2389: rtl=-338 golden=1087 err=1425
MISMATCH at sample 2390: rtl=-762 golden=775 err=1537
MISMATCH at sample 2391: rtl=-1038 golden=381 err=1419
MISMATCH at sample 2392: rtl=-1224 golden=15 err=1239
MISMATCH at sample 2393: rtl=-1470 golden=-392 err=1078
MISMATCH at sample 2394: rtl=-1393 golden=-744 err=649
MISMATCH at sample 2395: rtl=-1427 golden=-1146 err=281
MISMATCH at sample 2396: rtl=-1205 golden=-1374 err=169
MISMATCH at sample 2397: rtl=-1078 golden=-1514 err=436
MISMATCH at sample 2398: rtl=-650 golden=-1578 err=928
MISMATCH at sample 2399: rtl=-328 golden=-1453 err=1125
MISMATCH at sample 2400: rtl=92 golden=-1294 err=1386
MISMATCH at sample 2401: rtl=530 golden=-939 err=1469
MISMATCH at sample 2402: rtl=927 golden=-490 err=1417
MISMATCH at sample 2403: rtl=1239 golden=-96 err=1335
MISMATCH at sample 2404: rtl=1419 golden=399 err=1020
MISMATCH at sample 2405: rtl=1520 golden=786 err=734
MISMATCH at sample 2406: rtl=1384 golden=1063 err=321
MISMATCH at sample 2407: rtl=1296 golden=1371 err=75
MISMATCH at sample 2408: rtl=756 golden=1309 err=553
MISMATCH at sample 2409: rtl=560 golden=1308 err=748
MISMATCH at sample 2410: rtl=-53 golden=1072 err=1125
MISMATCH at sample 2411: rtl=-453 golden=739 err=1192
MISMATCH at sample 2412: rtl=-829 golden=513 err=1342
MISMATCH at sample 2413: rtl=-1268 golden=-79 err=1189
MISMATCH at sample 2414: rtl=-1331 golden=-339 err=992
MISMATCH at sample 2415: rtl=-1564 golden=-763 err=801
MISMATCH at sample 2416: rtl=-1404 golden=-1039 err=365
MISMATCH at sample 2417: rtl=-1296 golden=-1225 err=71
MISMATCH at sample 2418: rtl=-965 golden=-1471 err=506
MISMATCH at sample 2419: rtl=-570 golden=-1394 err=824
MISMATCH at sample 2420: rtl=-207 golden=-1428 err=1221
MISMATCH at sample 2421: rtl=318 golden=-1206 err=1524
MISMATCH at sample 2422: rtl=660 golden=-1079 err=1739
MISMATCH at sample 2423: rtl=1036 golden=-651 err=1687
MISMATCH at sample 2424: rtl=1357 golden=-329 err=1686
MISMATCH at sample 2425: rtl=1447 golden=92 err=1355
MISMATCH at sample 2426: rtl=1541 golden=530 err=1011
MISMATCH at sample 2427: rtl=1396 golden=927 err=469
MISMATCH at sample 2428: rtl=1207 golden=1239 err=32
MISMATCH at sample 2429: rtl=878 golden=1419 err=541
MISMATCH at sample 2430: rtl=467 golden=1520 err=1053
MISMATCH at sample 2431: rtl=-15 golden=1384 err=1399
MISMATCH at sample 2432: rtl=-396 golden=1296 err=1692
MISMATCH at sample 2433: rtl=-850 golden=756 err=1606
MISMATCH at sample 2434: rtl=-1192 golden=560 err=1752
MISMATCH at sample 2435: rtl=-1465 golden=-54 err=1411
MISMATCH at sample 2436: rtl=-1608 golden=-454 err=1154
MISMATCH at sample 2437: rtl=-1622 golden=-830 err=792
MISMATCH at sample 2438: rtl=-1539 golden=-1269 err=270
MISMATCH at sample 2439: rtl=-1339 golden=-1332 err=7
MISMATCH at sample 2440: rtl=-997 golden=-1565 err=568
MISMATCH at sample 2441: rtl=-614 golden=-1405 err=791
MISMATCH at sample 2442: rtl=-166 golden=-1297 err=1131
MISMATCH at sample 2443: rtl=298 golden=-966 err=1264
MISMATCH at sample 2444: rtl=681 golden=-571 err=1252
MISMATCH at sample 2445: rtl=1069 golden=-208 err=1277
MISMATCH at sample 2446: rtl=1245 golden=318 err=927
MISMATCH at sample 2447: rtl=1364 golden=660 err=704
MISMATCH at sample 2448: rtl=1304 golden=1036 err=268
MISMATCH at sample 2449: rtl=1119 golden=1357 err=238
MISMATCH at sample 2450: rtl=789 golden=1447 err=658
MISMATCH at sample 2451: rtl=429 golden=1541 err=1112
MISMATCH at sample 2452: rtl=-48 golden=1396 err=1444
MISMATCH at sample 2453: rtl=-418 golden=1207 err=1625
MISMATCH at sample 2454: rtl=-861 golden=878 err=1739
MISMATCH at sample 2455: rtl=-1177 golden=467 err=1644
MISMATCH at sample 2456: rtl=-1291 golden=-16 err=1275
MISMATCH at sample 2457: rtl=-1487 golden=-397 err=1090
MISMATCH at sample 2458: rtl=-1267 golden=-851 err=416
MISMATCH at sample 2459: rtl=-1242 golden=-1193 err=49
MISMATCH at sample 2460: rtl=-856 golden=-1466 err=610
MISMATCH at sample 2461: rtl=-504 golden=-1609 err=1105
MISMATCH at sample 2462: rtl=-166 golden=-1623 err=1457
MISMATCH at sample 2463: rtl=371 golden=-1540 err=1911
MISMATCH at sample 2464: rtl=664 golden=-1340 err=2004
MISMATCH at sample 2465: rtl=1090 golden=-998 err=2088
MISMATCH at sample 2466: rtl=1318 golden=-615 err=1933
MISMATCH at sample 2467: rtl=1449 golden=-167 err=1616
MISMATCH at sample 2468: rtl=1526 golden=298 err=1228
MISMATCH at sample 2469: rtl=1330 golden=681 err=649
MISMATCH at sample 2470: rtl=1202 golden=1069 err=133
MISMATCH at sample 2471: rtl=829 golden=1245 err=416
MISMATCH at sample 2472: rtl=435 golden=1364 err=929
MISMATCH at sample 2473: rtl=79 golden=1304 err=1225
MISMATCH at sample 2474: rtl=-462 golden=1119 err=1581
MISMATCH at sample 2475: rtl=-647 golden=789 err=1436
MISMATCH at sample 2476: rtl=-1075 golden=429 err=1504
MISMATCH at sample 2477: rtl=-1196 golden=-49 err=1147
MISMATCH at sample 2478: rtl=-1255 golden=-419 err=836
MISMATCH at sample 2479: rtl=-1197 golden=-862 err=335
MISMATCH at sample 2480: rtl=-894 golden=-1178 err=284
MISMATCH at sample 2481: rtl=-672 golden=-1292 err=620
MISMATCH at sample 2482: rtl=-185 golden=-1488 err=1303
MISMATCH at sample 2483: rtl=223 golden=-1268 err=1491
MISMATCH at sample 2484: rtl=683 golden=-1243 err=1926
MISMATCH at sample 2485: rtl=1070 golden=-857 err=1927
MISMATCH at sample 2486: rtl=1333 golden=-505 err=1838
MISMATCH at sample 2487: rtl=1582 golden=-167 err=1749
MISMATCH at sample 2488: rtl=1576 golden=371 err=1205
MISMATCH at sample 2489: rtl=1608 golden=664 err=944
MISMATCH at sample 2490: rtl=1320 golden=1090 err=230
MISMATCH at sample 2491: rtl=1095 golden=1318 err=223
MISMATCH at sample 2492: rtl=715 golden=1449 err=734
MISMATCH at sample 2493: rtl=256 golden=1526 err=1270
MISMATCH at sample 2494: rtl=-119 golden=1330 err=1449
MISMATCH at sample 2495: rtl=-608 golden=1202 err=1810
MISMATCH at sample 2496: rtl=-916 golden=829 err=1745
MISMATCH at sample 2497: rtl=-1150 golden=435 err=1585
MISMATCH at sample 2498: rtl=-1321 golden=79 err=1400
MISMATCH at sample 2499: rtl=-1324 golden=-463 err=861
MISMATCH at sample 2500: rtl=-1173 golden=-648 err=525
MISMATCH at sample 2501: rtl=-955 golden=-1076 err=121
MISMATCH at sample 2502: rtl=-495 golden=-1197 err=702
MISMATCH at sample 2503: rtl=-247 golden=-1256 err=1009
MISMATCH at sample 2504: rtl=285 golden=-1198 err=1483
MISMATCH at sample 2505: rtl=693 golden=-895 err=1588
MISMATCH at sample 2506: rtl=1033 golden=-673 err=1706
MISMATCH at sample 2507: rtl=1330 golden=-186 err=1516
MISMATCH at sample 2508: rtl=1456 golden=223 err=1233
MISMATCH at sample 2509: rtl=1517 golden=683 err=834
MISMATCH at sample 2510: rtl=1391 golden=1070 err=321
MISMATCH at sample 2511: rtl=1212 golden=1333 err=121
MISMATCH at sample 2512: rtl=777 golden=1582 err=805
MISMATCH at sample 2513: rtl=462 golden=1576 err=1114
MISMATCH at sample 2514: rtl=-65 golden=1608 err=1673
MISMATCH at sample 2515: rtl=-450 golden=1320 err=1770
MISMATCH at sample 2516: rtl=-829 golden=1095 err=1924
MISMATCH at sample 2517: rtl=-1194 golden=715 err=1909
MISMATCH at sample 2518: rtl=-1302 golden=256 err=1558
MISMATCH at sample 2519: rtl=-1357 golden=-120 err=1237
MISMATCH at sample 2520: rtl=-1274 golden=-609 err=665
MISMATCH at sample 2521: rtl=-1034 golden=-917 err=117
MISMATCH at sample 2522: rtl=-761 golden=-1151 err=390
MISMATCH at sample 2523: rtl=-341 golden=-1322 err=981
MISMATCH at sample 2524: rtl=42 golden=-1325 err=1367
MISMATCH at sample 2525: rtl=457 golden=-1174 err=1631
MISMATCH at sample 2526: rtl=731 golden=-956 err=1687
MISMATCH at sample 2527: rtl=1104 golden=-496 err=1600
MISMATCH at sample 2528: rtl=1167 golden=-248 err=1415
MISMATCH at sample 2529: rtl=1210 golden=285 err=925
MISMATCH at sample 2530: rtl=1188 golden=693 err=495
MISMATCH at sample 2531: rtl=813 golden=1033 err=220
MISMATCH at sample 2532: rtl=683 golden=1330 err=647
MISMATCH at sample 2533: rtl=153 golden=1456 err=1303
MISMATCH at sample 2534: rtl=-176 golden=1517 err=1693
MISMATCH at sample 2535: rtl=-488 golden=1391 err=1879
MISMATCH at sample 2536: rtl=-931 golden=1212 err=2143
MISMATCH at sample 2537: rtl=-1081 golden=777 err=1858
MISMATCH at sample 2538: rtl=-1217 golden=462 err=1679
MISMATCH at sample 2539: rtl=-1228 golden=-66 err=1162
MISMATCH at sample 2540: rtl=-1067 golden=-451 err=616
MISMATCH at sample 2541: rtl=-945 golden=-830 err=115
MISMATCH at sample 2542: rtl=-552 golden=-1195 err=643
MISMATCH at sample 2543: rtl=-224 golden=-1303 err=1079
MISMATCH at sample 2544: rtl=156 golden=-1358 err=1514
MISMATCH at sample 2545: rtl=549 golden=-1275 err=1824
MISMATCH at sample 2546: rtl=820 golden=-1035 err=1855
MISMATCH at sample 2547: rtl=1240 golden=-762 err=2002
MISMATCH at sample 2548: rtl=1356 golden=-342 err=1698
MISMATCH at sample 2549: rtl=1449 golden=42 err=1407
MISMATCH at sample 2550: rtl=1481 golden=457 err=1024
MISMATCH at sample 2551: rtl=1248 golden=731 err=517
MISMATCH at sample 2552: rtl=1032 golden=1104 err=72
MISMATCH at sample 2553: rtl=617 golden=1167 err=550
MISMATCH at sample 2554: rtl=169 golden=1210 err=1041
MISMATCH at sample 2555: rtl=-243 golden=1188 err=1431
MISMATCH at sample 2556: rtl=-693 golden=813 err=1506
MISMATCH at sample 2557: rtl=-1017 golden=683 err=1700
MISMATCH at sample 2558: rtl=-1266 golden=153 err=1419
MISMATCH at sample 2559: rtl=-1267 golden=-177 err=1090
MISMATCH at sample 2560: rtl=-1284 golden=-489 err=795
MISMATCH at sample 2561: rtl=-1036 golden=-932 err=104
MISMATCH at sample 2562: rtl=-733 golden=-1082 err=349
MISMATCH at sample 2563: rtl=-352 golden=-1218 err=866
MISMATCH at sample 2564: rtl=115 golden=-1229 err=1344
MISMATCH at sample 2565: rtl=520 golden=-1068 err=1588
MISMATCH at sample 2566: rtl=921 golden=-946 err=1867
MISMATCH at sample 2567: rtl=1269 golden=-553 err=1822
MISMATCH at sample 2568: rtl=1462 golden=-225 err=1687
MISMATCH at sample 2569: rtl=1577 golden=156 err=1421
MISMATCH at sample 2570: rtl=1442 golden=549 err=893
MISMATCH at sample 2571: rtl=1276 golden=820 err=456
MISMATCH at sample 2572: rtl=976 golden=1240 err=264
MISMATCH at sample 2573: rtl=515 golden=1356 err=841
MISMATCH at sample 2574: rtl=141 golden=1449 err=1308
MISMATCH at sample 2575: rtl=-413 golden=1481 err=1894
MISMATCH at sample 2576: rtl=-721 golden=1248 err=1969
MISMATCH at sample 2577: rtl=-1016 golden=1032 err=2048
MISMATCH at sample 2578: rtl=-1316 golden=617 err=1933
MISMATCH at sample 2579: rtl=-1264 golden=169 err=1433
MISMATCH at sample 2580: rtl=-1259 golden=-244 err=1015
MISMATCH at sample 2581: rtl=-1061 golden=-694 err=367
MISMATCH at sample 2582: rtl=-692 golden=-1018 err=326
MISMATCH at sample 2583: rtl=-474 golden=-1267 err=793
MISMATCH at sample 2584: rtl=71 golden=-1268 err=1339
MISMATCH at sample 2585: rtl=357 golden=-1285 err=1642
MISMATCH at sample 2586: rtl=716 golden=-1037 err=1753
MISMATCH at sample 2587: rtl=1029 golden=-734 err=1763
MISMATCH at sample 2588: rtl=1138 golden=-353 err=1491
MISMATCH at sample 2589: rtl=1266 golden=115 err=1151
MISMATCH at sample 2590: rtl=1038 golden=520 err=518
MISMATCH at sample 2591: rtl=935 golden=921 err=14
MISMATCH at sample 2592: rtl=580 golden=1269 err=689
MISMATCH at sample 2593: rtl=204 golden=1462 err=1258
MISMATCH at sample 2594: rtl=-203 golden=1577 err=1780
MISMATCH at sample 2595: rtl=-617 golden=1442 err=2059
MISMATCH at sample 2596: rtl=-949 golden=1276 err=2225
MISMATCH at sample 2597: rtl=-1181 golden=976 err=2157
MISMATCH at sample 2598: rtl=-1335 golden=515 err=1850
MISMATCH at sample 2599: rtl=-1380 golden=141 err=1521
MISMATCH at sample 2600: rtl=-1182 golden=-414 err=768
MISMATCH at sample 2601: rtl=-1085 golden=-722 err=363
MISMATCH at sample 2602: rtl=-602 golden=-1017 err=415
MISMATCH at sample 2603: rtl=-278 golden=-1317 err=1039
MISMATCH at sample 2604: rtl=163 golden=-1265 err=1428
MISMATCH at sample 2605: rtl=605 golden=-1260 err=1865
MISMATCH at sample 2606: rtl=944 golden=-1062 err=2006
MISMATCH at sample 2607: rtl=1271 golden=-693 err=1964
MISMATCH at sample 2608: rtl=1372 golden=-475 err=1847
MISMATCH at sample 2609: rtl=1368 golden=71 err=1297
MISMATCH at sample 2610: rtl=1312 golden=357 err=955
MISMATCH at sample 2611: rtl=1034 golden=716 err=318
MISMATCH at sample 2612: rtl=712 golden=1029 err=317
MISMATCH at sample 2613: rtl=325 golden=1138 err=813
MISMATCH at sample 2614: rtl=-121 golden=1266 err=1387
MISMATCH at sample 2615: rtl=-480 golden=1038 err=1518
MISMATCH at sample 2616: rtl=-861 golden=935 err=1796
MISMATCH at sample 2617: rtl=-1175 golden=580 err=1755
MISMATCH at sample 2618: rtl=-1288 golden=204 err=1492
MISMATCH at sample 2619: rtl=-1363 golden=-204 err=1159
MISMATCH at sample 2620: rtl=-1219 golden=-618 err=601
MISMATCH at sample 2621: rtl=-991 golden=-950 err=41
MISMATCH at sample 2622: rtl=-606 golden=-1182 err=576
MISMATCH at sample 2623: rtl=-229 golden=-1336 err=1107
MISMATCH at sample 2624: rtl=310 golden=-1381 err=1691
MISMATCH at sample 2625: rtl=711 golden=-1183 err=1894
MISMATCH at sample 2626: rtl=1024 golden=-1086 err=2110
MISMATCH at sample 2627: rtl=1312 golden=-603 err=1915
MISMATCH at sample 2628: rtl=1337 golden=-279 err=1616
MISMATCH at sample 2629: rtl=1328 golden=163 err=1165
MISMATCH at sample 2630: rtl=1142 golden=605 err=537
MISMATCH at sample 2631: rtl=719 golden=944 err=225
MISMATCH at sample 2632: rtl=427 golden=1271 err=844
MISMATCH at sample 2633: rtl=-47 golden=1372 err=1419
MISMATCH at sample 2634: rtl=-510 golden=1368 err=1878
MISMATCH at sample 2635: rtl=-827 golden=1312 err=2139
MISMATCH at sample 2636: rtl=-1260 golden=1034 err=2294
MISMATCH at sample 2637: rtl=-1332 golden=712 err=2044
MISMATCH at sample 2638: rtl=-1531 golden=325 err=1856
MISMATCH at sample 2639: rtl=-1426 golden=-122 err=1304
MISMATCH at sample 2640: rtl=-1253 golden=-481 err=772
MISMATCH at sample 2641: rtl=-991 golden=-862 err=129
MISMATCH at sample 2642: rtl=-542 golden=-1176 err=634
MISMATCH at sample 2643: rtl=-151 golden=-1289 err=1138
MISMATCH at sample 2644: rtl=302 golden=-1364 err=1666
MISMATCH at sample 2645: rtl=725 golden=-1220 err=1945
MISMATCH at sample 2646: rtl=1049 golden=-992 err=2041
MISMATCH at sample 2647: rtl=1269 golden=-607 err=1876
MISMATCH at sample 2648: rtl=1340 golden=-230 err=1570
MISMATCH at sample 2649: rtl=1287 golden=310 err=977
MISMATCH at sample 2650: rtl=1022 golden=711 err=311
MISMATCH at sample 2651: rtl=796 golden=1024 err=228
MISMATCH at sample 2652: rtl=332 golden=1312 err=980
MISMATCH at sample 2653: rtl=-85 golden=1337 err=1422
MISMATCH at sample 2654: rtl=-464 golden=1328 err=1792
MISMATCH at sample 2655: rtl=-874 golden=1142 err=2016
MISMATCH at sample 2656: rtl=-1039 golden=719 err=1758
MISMATCH at sample 2657: rtl=-1217 golden=427 err=1644
MISMATCH at sample 2658: rtl=-1169 golden=-48 err=1121
MISMATCH at sample 2659: rtl=-1074 golden=-511 err=563
MISMATCH at sample 2660: rtl=-748 golden=-828 err=80
MISMATCH at sample 2661: rtl=-445 golden=-1261 err=816
MISMATCH at sample 2662: rtl=-106 golden=-1333 err=1227
MISMATCH at sample 2663: rtl=380 golden=-1532 err=1912
MISMATCH at sample 2664: rtl=594 golden=-1427 err=2021
MISMATCH at sample 2665: rtl=967 golden=-1254 err=2221
MISMATCH at sample 2666: rtl=1101 golden=-992 err=2093
MISMATCH at sample 2667: rtl=1055 golden=-543 err=1598
MISMATCH at sample 2668: rtl=1107 golden=-152 err=1259
MISMATCH at sample 2669: rtl=761 golden=302 err=459
MISMATCH at sample 2670: rtl=539 golden=725 err=186
MISMATCH at sample 2671: rtl=157 golden=1049 err=892
MISMATCH at sample 2672: rtl=-222 golden=1269 err=1491
MISMATCH at sample 2673: rtl=-564 golden=1340 err=1904
MISMATCH at sample 2674: rtl=-911 golden=1287 err=2198
MISMATCH at sample 2675: rtl=-1111 golden=1022 err=2133
MISMATCH at sample 2676: rtl=-1239 golden=796 err=2035
MISMATCH at sample 2677: rtl=-1279 golden=332 err=1611
MISMATCH at sample 2678: rtl=-1081 golden=-86 err=995
MISMATCH at sample 2679: rtl=-901 golden=-465 err=436
MISMATCH at sample 2680: rtl=-499 golden=-875 err=376
MISMATCH at sample 2681: rtl=-70 golden=-1040 err=970
MISMATCH at sample 2682: rtl=297 golden=-1218 err=1515
MISMATCH at sample 2683: rtl=772 golden=-1170 err=1942
MISMATCH at sample 2684: rtl=1064 golden=-1075 err=2139
MISMATCH at sample 2685: rtl=1215 golden=-749 err=1964
MISMATCH at sample 2686: rtl=1361 golden=-446 err=1807
MISMATCH at sample 2687: rtl=1208 golden=-107 err=1315
MISMATCH at sample 2688: rtl=988 golden=380 err=608
MISMATCH at sample 2689: rtl=753 golden=594 err=159
MISMATCH at sample 2690: rtl=233 golden=967 err=734
MISMATCH at sample 2691: rtl=-92 golden=1101 err=1193
MISMATCH at sample 2692: rtl=-568 golden=1055 err=1623
MISMATCH at sample 2693: rtl=-931 golden=1107 err=2038
MISMATCH at sample 2694: rtl=-1183 golden=761 err=1944
MISMATCH at sample 2695: rtl=-1378 golden=539 err=1917
MISMATCH at sample 2696: rtl=-1342 golden=157 err=1499
MISMATCH at sample 2697: rtl=-1239 golden=-223 err=1016
MISMATCH at sample 2698: rtl=-982 golden=-565 err=417
MISMATCH at sample 2699: rtl=-557 golden=-912 err=355
MISMATCH at sample 2700: rtl=-274 golden=-1112 err=838
MISMATCH at sample 2701: rtl=329 golden=-1240 err=1569
MISMATCH at sample 2702: rtl=563 golden=-1280 err=1843
MISMATCH at sample 2703: rtl=950 golden=-1082 err=2032
MISMATCH at sample 2704: rtl=1223 golden=-902 err=2125
MISMATCH at sample 2705: rtl=1178 golden=-500 err=1678
MISMATCH at sample 2706: rtl=1279 golden=-71 err=1350
MISMATCH at sample 2707: rtl=899 golden=297 err=602
MISMATCH at sample 2708: rtl=774 golden=772 err=2
MISMATCH at sample 2709: rtl=256 golden=1064 err=808
MISMATCH at sample 2710: rtl=-140 golden=1215 err=1355
MISMATCH at sample 2711: rtl=-606 golden=1361 err=1967
MISMATCH at sample 2712: rtl=-993 golden=1208 err=2201
MISMATCH at sample 2713: rtl=-1194 golden=988 err=2182
MISMATCH at sample 2714: rtl=-1426 golden=753 err=2179
MISMATCH at sample 2715: rtl=-1319 golden=233 err=1552
MISMATCH at sample 2716: rtl=-1216 golden=-93 err=1123
MISMATCH at sample 2717: rtl=-847 golden=-569 err=278
MISMATCH at sample 2718: rtl=-520 golden=-932 err=412
MISMATCH at sample 2719: rtl=-15 golden=-1184 err=1169
MISMATCH at sample 2720: rtl=332 golden=-1379 err=1711
MISMATCH at sample 2721: rtl=759 golden=-1343 err=2102
MISMATCH at sample 2722: rtl=1119 golden=-1240 err=2359
MISMATCH at sample 2723: rtl=1217 golden=-983 err=2200
MISMATCH at sample 2724: rtl=1379 golden=-558 err=1937
MISMATCH at sample 2725: rtl=1263 golden=-275 err=1538
MISMATCH at sample 2726: rtl=1096 golden=329 err=767
MISMATCH at sample 2727: rtl=800 golden=563 err=237
MISMATCH at sample 2728: rtl=341 golden=950 err=609
MISMATCH at sample 2729: rtl=-35 golden=1223 err=1258
MISMATCH at sample 2730: rtl=-482 golden=1178 err=1660
MISMATCH at sample 2731: rtl=-913 golden=1279 err=2192
MISMATCH at sample 2732: rtl=-1142 golden=899 err=2041
MISMATCH at sample 2733: rtl=-1358 golden=774 err=2132
MISMATCH at sample 2734: rtl=-1232 golden=256 err=1488
MISMATCH at sample 2735: rtl=-1118 golden=-141 err=977
MISMATCH at sample 2736: rtl=-856 golden=-607 err=249
MISMATCH at sample 2737: rtl=-403 golden=-994 err=591
MISMATCH at sample 2738: rtl=-64 golden=-1195 err=1131
MISMATCH at sample 2739: rtl=446 golden=-1427 err=1873
MISMATCH at sample 2740: rtl=738 golden=-1320 err=2058
MISMATCH at sample 2741: rtl=1015 golden=-1217 err=2232
MISMATCH at sample 2742: rtl=1139 golden=-848 err=1987
MISMATCH at sample 2743: rtl=1250 golden=-521 err=1771
MISMATCH at sample 2744: rtl=1061 golden=-16 err=1077
MISMATCH at sample 2745: rtl=938 golden=332 err=606
MISMATCH at sample 2746: rtl=560 golden=759 err=199
MISMATCH at sample 2747: rtl=236 golden=1119 err=883
MISMATCH at sample 2748: rtl=-88 golden=1217 err=1305
MISMATCH at sample 2749: rtl=-583 golden=1379 err=1962
MISMATCH at sample 2750: rtl=-821 golden=1263 err=2084
MISMATCH at sample 2751: rtl=-1054 golden=1096 err=2150
MISMATCH at sample 2752: rtl=-1170 golden=800 err=1970
MISMATCH at sample 2753: rtl=-1063 golden=341 err=1404
MISMATCH at sample 2754: rtl=-945 golden=-36 err=909
MISMATCH at sample 2755: rtl=-625 golden=-483 err=142
MISMATCH at sample 2756: rtl=-142 golden=-914 err=772
MISMATCH at sample 2757: rtl=100 golden=-1143 err=1243
MISMATCH at sample 2758: rtl=692 golden=-1359 err=2051
MISMATCH at sample 2759: rtl=935 golden=-1233 err=2168
MISMATCH at sample 2760: rtl=1251 golden=-1119 err=2370
MISMATCH at sample 2761: rtl=1411 golden=-857 err=2268
MISMATCH at sample 2762: rtl=1312 golden=-404 err=1716
MISMATCH at sample 2763: rtl=1270 golden=-65 err=1335
MISMATCH at sample 2764: rtl=902 golden=446 err=456
MISMATCH at sample 2765: rtl=546 golden=738 err=192
MISMATCH at sample 2766: rtl=102 golden=1015 err=913
MISMATCH at sample 2767: rtl=-396 golden=1139 err=1535
MISMATCH at sample 2768: rtl=-769 golden=1250 err=2019
MISMATCH at sample 2769: rtl=-1158 golden=1061 err=2219
MISMATCH at sample 2770: rtl=-1274 golden=938 err=2212
MISMATCH at sample 2771: rtl=-1308 golden=560 err=1868
MISMATCH at sample 2772: rtl=-1190 golden=236 err=1426
MISMATCH at sample 2773: rtl=-905 golden=-89 err=816
MISMATCH at sample 2774: rtl=-508 golden=-584 err=76
MISMATCH at sample 2775: rtl=-63 golden=-822 err=759
MISMATCH at sample 2776: rtl=391 golden=-1055 err=1446
MISMATCH at sample 2777: rtl=798 golden=-1171 err=1969
MISMATCH at sample 2778: rtl=1129 golden=-1064 err=2193
MISMATCH at sample 2779: rtl=1348 golden=-946 err=2294
MISMATCH at sample 2780: rtl=1351 golden=-626 err=1977
MISMATCH at sample 2781: rtl=1286 golden=-143 err=1429
MISMATCH at sample 2782: rtl=1060 golden=100 err=960
MISMATCH at sample 2783: rtl=666 golden=692 err=26
MISMATCH at sample 2784: rtl=281 golden=935 err=654
MISMATCH at sample 2785: rtl=-230 golden=1251 err=1481
MISMATCH at sample 2786: rtl=-593 golden=1411 err=2004
MISMATCH at sample 2787: rtl=-988 golden=1312 err=2300
MISMATCH at sample 2788: rtl=-1310 golden=1270 err=2580
MISMATCH at sample 2789: rtl=-1342 golden=902 err=2244
MISMATCH at sample 2790: rtl=-1394 golden=546 err=1940
MISMATCH at sample 2791: rtl=-1160 golden=102 err=1262
MISMATCH at sample 2792: rtl=-910 golden=-397 err=513
MISMATCH at sample 2793: rtl=-488 golden=-770 err=282
MISMATCH at sample 2794: rtl=-57 golden=-1159 err=1102
MISMATCH at sample 2795: rtl=436 golden=-1275 err=1711
MISMATCH at sample 2796: rtl=728 golden=-1309 err=2037
MISMATCH at sample 2797: rtl=1105 golden=-1191 err=2296
MISMATCH at sample 2798: rtl=1207 golden=-906 err=2113
MISMATCH at sample 2799: rtl=1206 golden=-509 err=1715
MISMATCH at sample 2800: rtl=1073 golden=-64 err=1137
MISMATCH at sample 2801: rtl=683 golden=391 err=292
MISMATCH at sample 2802: rtl=492 golden=798 err=306
MISMATCH at sample 2803: rtl=-52 golden=1129 err=1181
MISMATCH at sample 2804: rtl=-389 golden=1348 err=1737
MISMATCH at sample 2805: rtl=-679 golden=1351 err=2030
MISMATCH at sample 2806: rtl=-1042 golden=1286 err=2328
MISMATCH at sample 2807: rtl=-911 golden=1060 err=1971
MISMATCH at sample 2808: rtl=-1123 golden=666 err=1789
MISMATCH at sample 2809: rtl=-843 golden=281 err=1124
MISMATCH at sample 2810: rtl=-555 golden=-231 err=324
MISMATCH at sample 2811: rtl=-358 golden=-594 err=236
MISMATCH at sample 2812: rtl=272 golden=-988 err=1260
MISMATCH at sample 2813: rtl=452 golden=-1311 err=1763
MISMATCH at sample 2814: rtl=971 golden=-1343 err=2314
MISMATCH at sample 2815: rtl=1207 golden=-1395 err=2602
MISMATCH at sample 2816: rtl=1365 golden=-1161 err=2526
MISMATCH at sample 2817: rtl=1448 golden=-911 err=2359
MISMATCH at sample 2818: rtl=1273 golden=-489 err=1762
MISMATCH at sample 2819: rtl=1087 golden=-58 err=1145
MISMATCH at sample 2820: rtl=623 golden=436 err=187
MISMATCH at sample 2821: rtl=258 golden=728 err=470
MISMATCH at sample 2822: rtl=-264 golden=1105 err=1369
MISMATCH at sample 2823: rtl=-680 golden=1207 err=1887
MISMATCH at sample 2824: rtl=-1003 golden=1206 err=2209
MISMATCH at sample 2825: rtl=-1265 golden=1073 err=2338
MISMATCH at sample 2826: rtl=-1237 golden=683 err=1920
MISMATCH at sample 2827: rtl=-1131 golden=492 err=1623
MISMATCH at sample 2828: rtl=-836 golden=-53 err=783
MISMATCH at sample 2830: rtl=21 golden=-680 err=701
MISMATCH at sample 2831: rtl=531 golden=-1043 err=1574
MISMATCH at sample 2832: rtl=941 golden=-912 err=1853
MISMATCH at sample 2833: rtl=1240 golden=-1124 err=2364
MISMATCH at sample 2834: rtl=1378 golden=-844 err=2222
MISMATCH at sample 2835: rtl=1352 golden=-556 err=1908
MISMATCH at sample 2836: rtl=1195 golden=-359 err=1554
MISMATCH at sample 2837: rtl=892 golden=272 err=620
MISMATCH at sample 2838: rtl=468 golden=452 err=16
MISMATCH at sample 2839: rtl=108 golden=971 err=863
MISMATCH at sample 2840: rtl=-453 golden=1207 err=1660
MISMATCH at sample 2841: rtl=-704 golden=1365 err=2069
MISMATCH at sample 2842: rtl=-1070 golden=1448 err=2518
MISMATCH at sample 2843: rtl=-1200 golden=1273 err=2473
MISMATCH at sample 2844: rtl=-1132 golden=1087 err=2219
MISMATCH at sample 2845: rtl=-1149 golden=623 err=1772
MISMATCH at sample 2846: rtl=-807 golden=258 err=1065
MISMATCH at sample 2847: rtl=-483 golden=-265 err=218
MISMATCH at sample 2848: rtl=-138 golden=-681 err=543
MISMATCH at sample 2849: rtl=249 golden=-1004 err=1253
MISMATCH at sample 2850: rtl=592 golden=-1266 err=1858
MISMATCH at sample 2851: rtl=732 golden=-1238 err=1970
MISMATCH at sample 2852: rtl=1041 golden=-1132 err=2173
MISMATCH at sample 2853: rtl=842 golden=-837 err=1679
MISMATCH at sample 2854: rtl=830 golden=-390 err=1220
MISMATCH at sample 2855: rtl=562 golden=21 err=541
MISMATCH at sample 2856: rtl=159 golden=531 err=372
MISMATCH at sample 2857: rtl=-64 golden=941 err=1005
MISMATCH at sample 2858: rtl=-551 golden=1240 err=1791
MISMATCH at sample 2859: rtl=-775 golden=1378 err=2153
MISMATCH at sample 2860: rtl=-1056 golden=1352 err=2408
MISMATCH at sample 2861: rtl=-1166 golden=1195 err=2361
MISMATCH at sample 2862: rtl=-1141 golden=892 err=2033
MISMATCH at sample 2863: rtl=-1018 golden=468 err=1486
MISMATCH at sample 2864: rtl=-751 golden=108 err=859
MISMATCH at sample 2865: rtl=-445 golden=-454 err=9
MISMATCH at sample 2866: rtl=-23 golden=-705 err=682
MISMATCH at sample 2867: rtl=378 golden=-1071 err=1449
MISMATCH at sample 2868: rtl=728 golden=-1200 err=1928
MISMATCH at sample 2869: rtl=1023 golden=-1133 err=2156
MISMATCH at sample 2870: rtl=1163 golden=-1150 err=2313
MISMATCH at sample 2871: rtl=1168 golden=-808 err=1976
MISMATCH at sample 2872: rtl=1104 golden=-484 err=1588
MISMATCH at sample 2873: rtl=743 golden=-139 err=882
MISMATCH at sample 2874: rtl=460 golden=249 err=211
MISMATCH at sample 2875: rtl=-11 golden=592 err=603
MISMATCH at sample 2876: rtl=-446 golden=732 err=1178
MISMATCH at sample 2877: rtl=-775 golden=1041 err=1816
MISMATCH at sample 2878: rtl=-1155 golden=842 err=1997
MISMATCH at sample 2879: rtl=-1299 golden=830 err=2129
MISMATCH at sample 2880: rtl=-1289 golden=562 err=1851
MISMATCH at sample 2881: rtl=-1238 golden=159 err=1397
MISMATCH at sample 2882: rtl=-869 golden=-65 err=804
MISMATCH at sample 2883: rtl=-534 golden=-552 err=18
MISMATCH at sample 2884: rtl=-111 golden=-776 err=665
MISMATCH at sample 2885: rtl=407 golden=-1057 err=1464
MISMATCH at sample 2886: rtl=735 golden=-1167 err=1902
MISMATCH at sample 2887: rtl=1197 golden=-1142 err=2339
MISMATCH at sample 2888: rtl=1212 golden=-1019 err=2231
MISMATCH at sample 2889: rtl=1312 golden=-752 err=2064
MISMATCH at sample 2890: rtl=1156 golden=-446 err=1602
MISMATCH at sample 2891: rtl=862 golden=-24 err=886
MISMATCH at sample 2892: rtl=616 golden=378 err=238
MISMATCH at sample 2893: rtl=68 golden=728 err=660
MISMATCH at sample 2894: rtl=-280 golden=1023 err=1303
MISMATCH at sample 2895: rtl=-560 golden=1163 err=1723
MISMATCH at sample 2896: rtl=-930 golden=1168 err=2098
MISMATCH at sample 2897: rtl=-966 golden=1104 err=2070
MISMATCH at sample 2898: rtl=-1127 golden=743 err=1870
MISMATCH at sample 2899: rtl=-949 golden=460 err=1409
MISMATCH at sample 2900: rtl=-716 golden=-12 err=704
MISMATCH at sample 2901: rtl=-432 golden=-447 err=15
MISMATCH at sample 2902: rtl=10 golden=-776 err=786
MISMATCH at sample 2903: rtl=341 golden=-1156 err=1497
MISMATCH at sample 2904: rtl=757 golden=-1300 err=2057
MISMATCH at sample 2905: rtl=1009 golden=-1290 err=2299
MISMATCH at sample 2906: rtl=1147 golden=-1239 err=2386
MISMATCH at sample 2907: rtl=1164 golden=-870 err=2034
MISMATCH at sample 2908: rtl=983 golden=-535 err=1518
MISMATCH at sample 2909: rtl=709 golden=-112 err=821
MISMATCH at sample 2910: rtl=349 golden=407 err=58
MISMATCH at sample 2911: rtl=-104 golden=735 err=839
MISMATCH at sample 2912: rtl=-475 golden=1197 err=1672
MISMATCH at sample 2913: rtl=-827 golden=1212 err=2039
MISMATCH at sample 2914: rtl=-1104 golden=1312 err=2416
MISMATCH at sample 2915: rtl=-1180 golden=1156 err=2336
MISMATCH at sample 2916: rtl=-1127 golden=862 err=1989
MISMATCH at sample 2917: rtl=-927 golden=616 err=1543
MISMATCH at sample 2918: rtl=-516 golden=68 err=584
MISMATCH at sample 2919: rtl=-210 golden=-281 err=71
MISMATCH at sample 2920: rtl=352 golden=-561 err=913
MISMATCH at sample 2921: rtl=775 golden=-931 err=1706
MISMATCH at sample 2922: rtl=1143 golden=-967 err=2110
MISMATCH at sample 2923: rtl=1355 golden=-1128 err=2483
MISMATCH at sample 2924: rtl=1457 golden=-950 err=2407
MISMATCH at sample 2925: rtl=1363 golden=-717 err=2080
MISMATCH at sample 2926: rtl=1131 golden=-433 err=1564
MISMATCH at sample 2927: rtl=813 golden=10 err=803
MISMATCH at sample 2928: rtl=252 golden=341 err=89
MISMATCH at sample 2929: rtl=-85 golden=757 err=842
MISMATCH at sample 2930: rtl=-669 golden=1009 err=1678
MISMATCH at sample 2931: rtl=-1006 golden=1147 err=2153
MISMATCH at sample 2932: rtl=-1208 golden=1164 err=2372
MISMATCH at sample 2933: rtl=-1385 golden=983 err=2368
MISMATCH at sample 2934: rtl=-1166 golden=709 err=1875
MISMATCH at sample 2935: rtl=-986 golden=349 err=1335
MISMATCH at sample 2936: rtl=-558 golden=-105 err=453
MISMATCH at sample 2937: rtl=-34 golden=-476 err=442
MISMATCH at sample 2938: rtl=336 golden=-828 err=1164
MISMATCH at sample 2939: rtl=836 golden=-1105 err=1941
MISMATCH at sample 2940: rtl=1093 golden=-1181 err=2274
MISMATCH at sample 2941: rtl=1164 golden=-1128 err=2292
MISMATCH at sample 2942: rtl=1306 golden=-928 err=2234
MISMATCH at sample 2943: rtl=924 golden=-517 err=1441
MISMATCH at sample 2944: rtl=837 golden=-211 err=1048
MISMATCH at sample 2945: rtl=268 golden=352 err=84
MISMATCH at sample 2946: rtl=-13 golden=775 err=788
MISMATCH at sample 2947: rtl=-452 golden=1143 err=1595
MISMATCH at sample 2948: rtl=-825 golden=1355 err=2180
MISMATCH at sample 2949: rtl=-981 golden=1457 err=2438
MISMATCH at sample 2950: rtl=-1212 golden=1363 err=2575
MISMATCH at sample 2951: rtl=-1038 golden=1131 err=2169
MISMATCH at sample 2952: rtl=-994 golden=813 err=1807
MISMATCH at sample 2953: rtl=-588 golden=252 err=840
MISMATCH at sample 2954: rtl=-305 golden=-86 err=219
MISMATCH at sample 2955: rtl=220 golden=-670 err=890
MISMATCH at sample 2956: rtl=555 golden=-1007 err=1562
MISMATCH at sample 2957: rtl=974 golden=-1209 err=2183
MISMATCH at sample 2958: rtl=1156 golden=-1386 err=2542
MISMATCH at sample 2959: rtl=1284 golden=-1167 err=2451
MISMATCH at sample 2960: rtl=1146 golden=-987 err=2133
MISMATCH at sample 2961: rtl=932 golden=-559 err=1491
MISMATCH at sample 2962: rtl=560 golden=-35 err=595
MISMATCH at sample 2963: rtl=111 golden=336 err=225
MISMATCH at sample 2964: rtl=-307 golden=836 err=1143
MISMATCH at sample 2965: rtl=-719 golden=1093 err=1812
MISMATCH at sample 2966: rtl=-965 golden=1164 err=2129
MISMATCH at sample 2967: rtl=-1065 golden=1306 err=2371
MISMATCH at sample 2968: rtl=-1048 golden=924 err=1972
MISMATCH at sample 2969: rtl=-791 golden=837 err=1628
MISMATCH at sample 2970: rtl=-514 golden=268 err=782
MISMATCH at sample 2971: rtl=-63 golden=-14 err=49
MISMATCH at sample 2972: rtl=312 golden=-453 err=765
MISMATCH at sample 2973: rtl=719 golden=-826 err=1545
MISMATCH at sample 2974: rtl=1083 golden=-982 err=2065
MISMATCH at sample 2975: rtl=1187 golden=-1213 err=2400
MISMATCH at sample 2976: rtl=1396 golden=-1039 err=2435
MISMATCH at sample 2977: rtl=1209 golden=-995 err=2204
MISMATCH at sample 2978: rtl=1195 golden=-589 err=1784
MISMATCH at sample 2979: rtl=708 golden=-306 err=1014
MISMATCH at sample 2980: rtl=429 golden=220 err=209
MISMATCH at sample 2981: rtl=-85 golden=555 err=640
MISMATCH at sample 2982: rtl=-494 golden=974 err=1468
MISMATCH at sample 2983: rtl=-802 golden=1156 err=1958
MISMATCH at sample 2984: rtl=-1203 golden=1284 err=2487
MISMATCH at sample 2985: rtl=-1090 golden=1146 err=2236
MISMATCH at sample 2986: rtl=-1122 golden=932 err=2054
MISMATCH at sample 2987: rtl=-785 golden=560 err=1345
MISMATCH at sample 2988: rtl=-363 golden=111 err=474
MISMATCH at sample 2989: rtl=-5 golden=-308 err=303
MISMATCH at sample 2990: rtl=612 golden=-720 err=1332
MISMATCH at sample 2991: rtl=905 golden=-966 err=1871
MISMATCH at sample 2992: rtl=1190 golden=-1066 err=2256
MISMATCH at sample 2993: rtl=1358 golden=-1049 err=2407
MISMATCH at sample 2994: rtl=1250 golden=-792 err=2042
MISMATCH at sample 2995: rtl=1071 golden=-515 err=1586
MISMATCH at sample 2996: rtl=673 golden=-64 err=737
MISMATCH at sample 2997: rtl=270 golden=312 err=42
MISMATCH at sample 2998: rtl=-169 golden=719 err=888
MISMATCH at sample 2999: rtl=-638 golden=1083 err=1721
MISMATCH at sample 3000: rtl=-1021 golden=1187 err=2208
MISMATCH at sample 3001: rtl=-1203 golden=1396 err=2599
MISMATCH at sample 3002: rtl=-1251 golden=1209 err=2460
MISMATCH at sample 3003: rtl=-1237 golden=1195 err=2432
MISMATCH at sample 3004: rtl=-950 golden=708 err=1658
MISMATCH at sample 3005: rtl=-635 golden=429 err=1064
MISMATCH at sample 3006: rtl=-156 golden=-86 err=70
MISMATCH at sample 3007: rtl=291 golden=-495 err=786
MISMATCH at sample 3008: rtl=579 golden=-803 err=1382
MISMATCH at sample 3009: rtl=1031 golden=-1204 err=2235
MISMATCH at sample 3010: rtl=1123 golden=-1091 err=2214
MISMATCH at sample 3011: rtl=1224 golden=-1123 err=2347
MISMATCH at sample 3012: rtl=1063 golden=-786 err=1849
MISMATCH at sample 3013: rtl=748 golden=-364 err=1112
MISMATCH at sample 3014: rtl=457 golden=-6 err=463
MISMATCH at sample 3015: rtl=-48 golden=612 err=660
MISMATCH at sample 3016: rtl=-428 golden=905 err=1333
MISMATCH at sample 3017: rtl=-852 golden=1190 err=2042
MISMATCH at sample 3018: rtl=-1078 golden=1358 err=2436
MISMATCH at sample 3019: rtl=-1211 golden=1250 err=2461
MISMATCH at sample 3020: rtl=-1138 golden=1071 err=2209
MISMATCH at sample 3021: rtl=-930 golden=673 err=1603
MISMATCH at sample 3022: rtl=-605 golden=270 err=875
MISMATCH at sample 3024: rtl=314 golden=-639 err=953
MISMATCH at sample 3025: rtl=756 golden=-1022 err=1778
MISMATCH at sample 3026: rtl=1088 golden=-1204 err=2292
MISMATCH at sample 3027: rtl=1295 golden=-1252 err=2547
MISMATCH at sample 3028: rtl=1295 golden=-1238 err=2533
MISMATCH at sample 3029: rtl=1172 golden=-951 err=2123
MISMATCH at sample 3030: rtl=839 golden=-636 err=1475
MISMATCH at sample 3031: rtl=397 golden=-157 err=554
MISMATCH at sample 3032: rtl=-133 golden=291 err=424
MISMATCH at sample 3033: rtl=-583 golden=579 err=1162
MISMATCH at sample 3034: rtl=-1007 golden=1031 err=2038
MISMATCH at sample 3035: rtl=-1270 golden=1123 err=2393
MISMATCH at sample 3036: rtl=-1339 golden=1224 err=2563
MISMATCH at sample 3037: rtl=-1272 golden=1063 err=2335
MISMATCH at sample 3038: rtl=-922 golden=748 err=1670
MISMATCH at sample 3039: rtl=-591 golden=457 err=1048
MISMATCH at sample 3040: rtl=-39 golden=-49 err=10
MISMATCH at sample 3041: rtl=414 golden=-429 err=843
MISMATCH at sample 3042: rtl=841 golden=-853 err=1694
MISMATCH at sample 3043: rtl=1218 golden=-1079 err=2297
MISMATCH at sample 3044: rtl=1342 golden=-1212 err=2554
MISMATCH at sample 3045: rtl=1355 golden=-1139 err=2494
MISMATCH at sample 3046: rtl=1235 golden=-931 err=2166
MISMATCH at sample 3047: rtl=835 golden=-606 err=1441
MISMATCH at sample 3048: rtl=522 golden=-172 err=694
MISMATCH at sample 3049: rtl=28 golden=314 err=286
MISMATCH at sample 3050: rtl=-439 golden=756 err=1195
MISMATCH at sample 3051: rtl=-720 golden=1088 err=1808
MISMATCH at sample 3052: rtl=-1058 golden=1295 err=2353
MISMATCH at sample 3053: rtl=-1150 golden=1295 err=2445
MISMATCH at sample 3054: rtl=-1076 golden=1172 err=2248
MISMATCH at sample 3055: rtl=-899 golden=839 err=1738
MISMATCH at sample 3056: rtl=-594 golden=397 err=991
MISMATCH at sample 3057: rtl=-132 golden=-134 err=2
MISMATCH at sample 3058: rtl=184 golden=-584 err=768
MISMATCH at sample 3059: rtl=660 golden=-1008 err=1668
MISMATCH at sample 3060: rtl=921 golden=-1271 err=2192
MISMATCH at sample 3061: rtl=1033 golden=-1340 err=2373
MISMATCH at sample 3062: rtl=1038 golden=-1273 err=2311
MISMATCH at sample 3063: rtl=871 golden=-923 err=1794
MISMATCH at sample 3064: rtl=510 golden=-592 err=1102
MISMATCH at sample 3065: rtl=175 golden=-40 err=215
MISMATCH at sample 3066: rtl=-291 golden=414 err=705
MISMATCH at sample 3067: rtl=-724 golden=841 err=1565
MISMATCH at sample 3068: rtl=-927 golden=1218 err=2145
MISMATCH at sample 3069: rtl=-1206 golden=1342 err=2548
MISMATCH at sample 3070: rtl=-1045 golden=1355 err=2400
MISMATCH at sample 3071: rtl=-1067 golden=1235 err=2302
MISMATCH at sample 3072: rtl=-626 golden=835 err=1461
MISMATCH at sample 3073: rtl=-341 golden=522 err=863
MISMATCH at sample 3074: rtl=170 golden=28 err=142
MISMATCH at sample 3075: rtl=603 golden=-440 err=1043
MISMATCH at sample 3076: rtl=834 golden=-721 err=1555
MISMATCH at sample 3077: rtl=1237 golden=-1059 err=2296
MISMATCH at sample 3078: rtl=1139 golden=-1151 err=2290
MISMATCH at sample 3079: rtl=1245 golden=-1077 err=2322
MISMATCH at sample 3080: rtl=884 golden=-900 err=1784
MISMATCH at sample 3081: rtl=582 golden=-595 err=1177
MISMATCH at sample 3082: rtl=174 golden=-133 err=307
MISMATCH at sample 3083: rtl=-271 golden=184 err=455
MISMATCH at sample 3084: rtl=-676 golden=660 err=1336
MISMATCH at sample 3085: rtl=-1014 golden=921 err=1935
MISMATCH at sample 3086: rtl=-1167 golden=1033 err=2200
MISMATCH at sample 3087: rtl=-1136 golden=1038 err=2174
MISMATCH at sample 3088: rtl=-968 golden=871 err=1839
MISMATCH at sample 3089: rtl=-651 golden=510 err=1161
MISMATCH at sample 3090: rtl=-178 golden=175 err=353
MISMATCH at sample 3091: rtl=305 golden=-292 err=597
MISMATCH at sample 3092: rtl=765 golden=-725 err=1490
MISMATCH at sample 3093: rtl=1116 golden=-928 err=2044
MISMATCH at sample 3094: rtl=1252 golden=-1207 err=2459
MISMATCH at sample 3095: rtl=1294 golden=-1046 err=2340
MISMATCH at sample 3096: rtl=1096 golden=-1068 err=2164
MISMATCH at sample 3097: rtl=736 golden=-627 err=1363
MISMATCH at sample 3098: rtl=369 golden=-342 err=711
MISMATCH at sample 3099: rtl=-168 golden=170 err=338
MISMATCH at sample 3100: rtl=-523 golden=603 err=1126
MISMATCH at sample 3101: rtl=-865 golden=834 err=1699
MISMATCH at sample 3102: rtl=-1100 golden=1237 err=2337
MISMATCH at sample 3103: rtl=-1097 golden=1139 err=2236
MISMATCH at sample 3104: rtl=-1078 golden=1245 err=2323
MISMATCH at sample 3105: rtl=-749 golden=884 err=1633
MISMATCH at sample 3106: rtl=-450 golden=582 err=1032
MISMATCH at sample 3107: rtl=-14 golden=174 err=188
MISMATCH at sample 3108: rtl=422 golden=-272 err=694
MISMATCH at sample 3109: rtl=726 golden=-677 err=1403
MISMATCH at sample 3110: rtl=1077 golden=-1015 err=2092
MISMATCH at sample 3111: rtl=1085 golden=-1168 err=2253
MISMATCH at sample 3112: rtl=1133 golden=-1137 err=2270
MISMATCH at sample 3113: rtl=886 golden=-969 err=1855
MISMATCH at sample 3114: rtl=608 golden=-652 err=1260
MISMATCH at sample 3115: rtl=245 golden=-179 err=424
MISMATCH at sample 3116: rtl=-211 golden=305 err=516
MISMATCH at sample 3117: rtl=-379 golden=765 err=1144
MISMATCH at sample 3118: rtl=-851 golden=1116 err=1967
MISMATCH at sample 3119: rtl=-768 golden=1252 err=2020
MISMATCH at sample 3120: rtl=-934 golden=1294 err=2228
MISMATCH at sample 3121: rtl=-688 golden=1096 err=1784
MISMATCH at sample 3122: rtl=-378 golden=736 err=1114
MISMATCH at sample 3123: rtl=-163 golden=369 err=532
MISMATCH at sample 3124: rtl=414 golden=-169 err=583
MISMATCH at sample 3125: rtl=641 golden=-524 err=1165
MISMATCH at sample 3126: rtl=1102 golden=-866 err=1968
MISMATCH at sample 3127: rtl=1183 golden=-1101 err=2284
MISMATCH at sample 3128: rtl=1273 golden=-1098 err=2371
MISMATCH at sample 3129: rtl=1100 golden=-1079 err=2179
MISMATCH at sample 3130: rtl=832 golden=-750 err=1582
MISMATCH at sample 3131: rtl=415 golden=-451 err=866
MISMATCH at sample 3132: rtl=-10 golden=-15 err=5
MISMATCH at sample 3133: rtl=-470 golden=422 err=892
MISMATCH at sample 3134: rtl=-833 golden=726 err=1559
MISMATCH at sample 3135: rtl=-1117 golden=1077 err=2194
MISMATCH at sample 3136: rtl=-1180 golden=1085 err=2265
MISMATCH at sample 3137: rtl=-1056 golden=1133 err=2189
MISMATCH at sample 3138: rtl=-920 golden=886 err=1806
MISMATCH at sample 3139: rtl=-470 golden=608 err=1078
MISMATCH at sample 3140: rtl=-97 golden=245 err=342
MISMATCH at sample 3141: rtl=426 golden=-212 err=638
MISMATCH at sample 3142: rtl=751 golden=-380 err=1131
MISMATCH at sample 3143: rtl=1049 golden=-852 err=1901
MISMATCH at sample 3144: rtl=1108 golden=-769 err=1877
MISMATCH at sample 3145: rtl=1057 golden=-935 err=1992
MISMATCH at sample 3146: rtl=853 golden=-689 err=1542
MISMATCH at sample 3147: rtl=412 golden=-379 err=791
MISMATCH at sample 3148: rtl=94 golden=-164 err=258
MISMATCH at sample 3149: rtl=-443 golden=414 err=857
MISMATCH at sample 3150: rtl=-707 golden=641 err=1348
MISMATCH at sample 3151: rtl=-1034 golden=1102 err=2136
MISMATCH at sample 3152: rtl=-1090 golden=1183 err=2273
MISMATCH at sample 3153: rtl=-1109 golden=1273 err=2382
MISMATCH at sample 3154: rtl=-847 golden=1100 err=1947
MISMATCH at sample 3155: rtl=-553 golden=832 err=1385
MISMATCH at sample 3156: rtl=-192 golden=415 err=607
MISMATCH at sample 3157: rtl=315 golden=-11 err=326
MISMATCH at sample 3158: rtl=573 golden=-471 err=1044
MISMATCH at sample 3159: rtl=994 golden=-834 err=1828
MISMATCH at sample 3160: rtl=1051 golden=-1118 err=2169
MISMATCH at sample 3161: rtl=1049 golden=-1181 err=2230
MISMATCH at sample 3162: rtl=872 golden=-1057 err=1929
MISMATCH at sample 3163: rtl=510 golden=-921 err=1431
MISMATCH at sample 3164: rtl=135 golden=-471 err=606
MISMATCH at sample 3165: rtl=-379 golden=-98 err=281
MISMATCH at sample 3166: rtl=-837 golden=426 err=1263
MISMATCH at sample 3167: rtl=-1138 golden=751 err=1889
MISMATCH at sample 3168: rtl=-1378 golden=1049 err=2427
MISMATCH at sample 3169: rtl=-1397 golden=1108 err=2505
MISMATCH at sample 3170: rtl=-1265 golden=1057 err=2322
MISMATCH at sample 3171: rtl=-983 golden=853 err=1836
MISMATCH at sample 3172: rtl=-530 golden=412 err=942
MISMATCH at sample 3173: rtl=-40 golden=94 err=134
MISMATCH at sample 3174: rtl=373 golden=-444 err=817
MISMATCH at sample 3175: rtl=816 golden=-708 err=1524
MISMATCH at sample 3176: rtl=1024 golden=-1035 err=2059
MISMATCH at sample 3177: rtl=1104 golden=-1091 err=2195
MISMATCH at sample 3178: rtl=1034 golden=-1110 err=2144
MISMATCH at sample 3179: rtl=805 golden=-848 err=1653
MISMATCH at sample 3180: rtl=371 golden=-554 err=925
MISMATCH at sample 3181: rtl=20 golden=-193 err=213
MISMATCH at sample 3182: rtl=-431 golden=315 err=746
MISMATCH at sample 3183: rtl=-784 golden=573 err=1357
MISMATCH at sample 3184: rtl=-917 golden=994 err=1911
MISMATCH at sample 3185: rtl=-1116 golden=1051 err=2167
MISMATCH at sample 3186: rtl=-884 golden=1049 err=1933
MISMATCH at sample 3187: rtl=-712 golden=872 err=1584
MISMATCH at sample 3188: rtl=-294 golden=510 err=804
MISMATCH at sample 3189: rtl=100 golden=135 err=35
MISMATCH at sample 3190: rtl=528 golden=-380 err=908
MISMATCH at sample 3191: rtl=882 golden=-838 err=1720
MISMATCH at sample 3192: rtl=1100 golden=-1139 err=2239
MISMATCH at sample 3193: rtl=1223 golden=-1379 err=2602
MISMATCH at sample 3194: rtl=1087 golden=-1398 err=2485
MISMATCH at sample 3195: rtl=981 golden=-1266 err=2247
MISMATCH at sample 3196: rtl=568 golden=-984 err=1552
MISMATCH at sample 3197: rtl=183 golden=-531 err=714
MISMATCH at sample 3198: rtl=-184 golden=-41 err=143
MISMATCH at sample 3199: rtl=-646 golden=373 err=1019
MISMATCH at sample 3200: rtl=-862 golden=816 err=1678
MISMATCH at sample 3201: rtl=-1081 golden=1024 err=2105
MISMATCH at sample 3202: rtl=-1049 golden=1104 err=2153
MISMATCH at sample 3203: rtl=-880 golden=1034 err=1914
MISMATCH at sample 3204: rtl=-587 golden=805 err=1392
MISMATCH at sample 3205: rtl=-160 golden=371 err=531
MISMATCH at sample 3206: rtl=225 golden=20 err=205
MISMATCH at sample 3207: rtl=657 golden=-432 err=1089
MISMATCH at sample 3208: rtl=895 golden=-785 err=1680
MISMATCH at sample 3209: rtl=1102 golden=-918 err=2020
MISMATCH at sample 3210: rtl=915 golden=-1117 err=2032
MISMATCH at sample 3211: rtl=868 golden=-885 err=1753
MISMATCH at sample 3212: rtl=425 golden=-713 err=1138
MISMATCH at sample 3213: rtl=60 golden=-295 err=355
MISMATCH at sample 3214: rtl=-291 golden=100 err=391
MISMATCH at sample 3215: rtl=-781 golden=528 err=1309
MISMATCH at sample 3216: rtl=-814 golden=882 err=1696
MISMATCH at sample 3217: rtl=-1110 golden=1100 err=2210
MISMATCH at sample 3218: rtl=-866 golden=1223 err=2089
MISMATCH at sample 3219: rtl=-764 golden=1087 err=1851
MISMATCH at sample 3220: rtl=-357 golden=981 err=1338
MISMATCH at sample 3221: rtl=95 golden=568 err=473
MISMATCH at sample 3222: rtl=396 golden=183 err=213
MISMATCH at sample 3223: rtl=868 golden=-185 err=1053
MISMATCH at sample 3224: rtl=1009 golden=-647 err=1656
MISMATCH at sample 3225: rtl=1144 golden=-863 err=2007
MISMATCH at sample 3226: rtl=1080 golden=-1082 err=2162
MISMATCH at sample 3227: rtl=757 golden=-1050 err=1807
MISMATCH at sample 3228: rtl=482 golden=-881 err=1363
MISMATCH at sample 3229: rtl=48 golden=-588 err=636
MISMATCH at sample 3230: rtl=-418 golden=-161 err=257
MISMATCH at sample 3231: rtl=-682 golden=225 err=907
MISMATCH at sample 3232: rtl=-1067 golden=657 err=1724
MISMATCH at sample 3233: rtl=-977 golden=895 err=1872
MISMATCH at sample 3234: rtl=-1038 golden=1102 err=2140
MISMATCH at sample 3235: rtl=-708 golden=915 err=1623
MISMATCH at sample 3236: rtl=-411 golden=868 err=1279
MISMATCH at sample 3237: rtl=2 golden=425 err=423
MISMATCH at sample 3238: rtl=525 golden=60 err=465
MISMATCH at sample 3239: rtl=752 golden=-292 err=1044
MISMATCH at sample 3240: rtl=1121 golden=-782 err=1903
MISMATCH at sample 3241: rtl=1132 golden=-815 err=1947
MISMATCH at sample 3242: rtl=983 golden=-1111 err=2094
MISMATCH at sample 3243: rtl=842 golden=-867 err=1709
MISMATCH at sample 3244: rtl=297 golden=-765 err=1062
MISMATCH at sample 3245: rtl=-66 golden=-358 err=292
MISMATCH at sample 3246: rtl=-531 golden=95 err=626
MISMATCH at sample 3247: rtl=-994 golden=396 err=1390
MISMATCH at sample 3248: rtl=-1055 golden=868 err=1923
MISMATCH at sample 3249: rtl=-1310 golden=1009 err=2319
MISMATCH at sample 3250: rtl=-1097 golden=1144 err=2241
MISMATCH at sample 3251: rtl=-879 golden=1080 err=1959
MISMATCH at sample 3252: rtl=-542 golden=757 err=1299
MISMATCH at sample 3253: rtl=-102 golden=482 err=584
MISMATCH at sample 3254: rtl=265 golden=48 err=217
MISMATCH at sample 3255: rtl=542 golden=-419 err=961
MISMATCH at sample 3256: rtl=877 golden=-683 err=1560
MISMATCH at sample 3257: rtl=856 golden=-1068 err=1924
MISMATCH at sample 3258: rtl=816 golden=-978 err=1794
MISMATCH at sample 3259: rtl=652 golden=-1039 err=1691
MISMATCH at sample 3260: rtl=248 golden=-709 err=957
MISMATCH at sample 3261: rtl=38 golden=-412 err=450
MISMATCH at sample 3262: rtl=-563 golden=2 err=565
MISMATCH at sample 3263: rtl=-695 golden=525 err=1220
MISMATCH at sample 3264: rtl=-1033 golden=752 err=1785
MISMATCH at sample 3265: rtl=-1024 golden=1121 err=2145
MISMATCH at sample 3266: rtl=-929 golden=1132 err=2061
MISMATCH at sample 3267: rtl=-746 golden=983 err=1729
MISMATCH at sample 3268: rtl=-240 golden=842 err=1082
MISMATCH at sample 3269: rtl=60 golden=297 err=237
MISMATCH at sample 3270: rtl=543 golden=-67 err=610
MISMATCH at sample 3271: rtl=878 golden=-532 err=1410
MISMATCH at sample 3272: rtl=1053 golden=-995 err=2048
MISMATCH at sample 3273: rtl=1114 golden=-1056 err=2170
MISMATCH at sample 3274: rtl=946 golden=-1311 err=2257
MISMATCH at sample 3275: rtl=632 golden=-1098 err=1730
MISMATCH at sample 3276: rtl=300 golden=-880 err=1180
MISMATCH at sample 3277: rtl=-158 golden=-543 err=385
MISMATCH at sample 3278: rtl=-528 golden=-103 err=425
MISMATCH at sample 3279: rtl=-770 golden=265 err=1035
MISMATCH at sample 3280: rtl=-848 golden=542 err=1390
MISMATCH at sample 3281: rtl=-795 golden=877 err=1672
MISMATCH at sample 3282: rtl=-471 golden=856 err=1327
MISMATCH at sample 3283: rtl=-235 golden=816 err=1051
MISMATCH at sample 3284: rtl=284 golden=652 err=368
MISMATCH at sample 3285: rtl=665 golden=248 err=417
MISMATCH at sample 3286: rtl=924 golden=38 err=886
MISMATCH at sample 3287: rtl=1241 golden=-564 err=1805
MISMATCH at sample 3288: rtl=1166 golden=-696 err=1862
MISMATCH at sample 3289: rtl=1154 golden=-1034 err=2188
MISMATCH at sample 3290: rtl=875 golden=-1025 err=1900
MISMATCH at sample 3291: rtl=515 golden=-930 err=1445
MISMATCH at sample 3292: rtl=138 golden=-747 err=885
MISMATCH at sample 3293: rtl=-346 golden=-241 err=105
MISMATCH at sample 3294: rtl=-625 golden=60 err=685
MISMATCH at sample 3295: rtl=-920 golden=543 err=1463
MISMATCH at sample 3296: rtl=-1019 golden=878 err=1897
MISMATCH at sample 3297: rtl=-971 golden=1053 err=2024
MISMATCH at sample 3298: rtl=-782 golden=1114 err=1896
MISMATCH at sample 3299: rtl=-356 golden=946 err=1302
MISMATCH at sample 3300: rtl=-13 golden=632 err=645
MISMATCH at sample 3301: rtl=429 golden=300 err=129
MISMATCH at sample 3302: rtl=840 golden=-159 err=999
MISMATCH at sample 3303: rtl=1049 golden=-529 err=1578
MISMATCH at sample 3304: rtl=1168 golden=-771 err=1939
MISMATCH at sample 3305: rtl=1023 golden=-849 err=1872
MISMATCH at sample 3306: rtl=764 golden=-796 err=1560
MISMATCH at sample 3307: rtl=384 golden=-472 err=856
MISMATCH at sample 3308: rtl=-114 golden=-236 err=122
MISMATCH at sample 3309: rtl=-561 golden=284 err=845
MISMATCH at sample 3310: rtl=-920 golden=665 err=1585
MISMATCH at sample 3311: rtl=-1153 golden=924 err=2077
MISMATCH at sample 3312: rtl=-1178 golden=1241 err=2419
MISMATCH at sample 3313: rtl=-1047 golden=1166 err=2213
MISMATCH at sample 3314: rtl=-760 golden=1154 err=1914
MISMATCH at sample 3315: rtl=-344 golden=875 err=1219
MISMATCH at sample 3316: rtl=60 golden=515 err=455
MISMATCH at sample 3317: rtl=507 golden=138 err=369
MISMATCH at sample 3318: rtl=853 golden=-347 err=1200
MISMATCH at sample 3319: rtl=996 golden=-626 err=1622
MISMATCH at sample 3320: rtl=1034 golden=-921 err=1955
MISMATCH at sample 3321: rtl=888 golden=-1020 err=1908
MISMATCH at sample 3322: rtl=569 golden=-972 err=1541
MISMATCH at sample 3323: rtl=210 golden=-783 err=993
MISMATCH at sample 3324: rtl=-287 golden=-357 err=70
MISMATCH at sample 3325: rtl=-700 golden=-14 err=686
MISMATCH at sample 3326: rtl=-916 golden=429 err=1345
MISMATCH at sample 3327: rtl=-1132 golden=840 err=1972
MISMATCH at sample 3328: rtl=-1004 golden=1049 err=2053
MISMATCH at sample 3329: rtl=-861 golden=1168 err=2029
MISMATCH at sample 3330: rtl=-475 golden=1023 err=1498
MISMATCH at sample 3331: rtl=-89 golden=764 err=853
MISMATCH at sample 3332: rtl=357 golden=384 err=27
MISMATCH at sample 3333: rtl=618 golden=-115 err=733
MISMATCH at sample 3334: rtl=833 golden=-562 err=1395
MISMATCH at sample 3335: rtl=881 golden=-921 err=1802
MISMATCH at sample 3336: rtl=682 golden=-1154 err=1836
MISMATCH at sample 3337: rtl=535 golden=-1179 err=1714
MISMATCH at sample 3338: rtl=47 golden=-1048 err=1095
MISMATCH at sample 3339: rtl=-302 golden=-761 err=459
MISMATCH at sample 3340: rtl=-674 golden=-345 err=329
MISMATCH at sample 3341: rtl=-1054 golden=60 err=1114
MISMATCH at sample 3342: rtl=-1129 golden=507 err=1636
MISMATCH at sample 3343: rtl=-1228 golden=853 err=2081
MISMATCH at sample 3344: rtl=-1002 golden=996 err=1998
MISMATCH at sample 3345: rtl=-705 golden=1034 err=1739
MISMATCH at sample 3346: rtl=-330 golden=888 err=1218
MISMATCH at sample 3347: rtl=161 golden=569 err=408
MISMATCH at sample 3348: rtl=488 golden=210 err=278
MISMATCH at sample 3349: rtl=828 golden=-288 err=1116
MISMATCH at sample 3350: rtl=905 golden=-701 err=1606
MISMATCH at sample 3351: rtl=869 golden=-917 err=1786
MISMATCH at sample 3352: rtl=650 golden=-1133 err=1783
MISMATCH at sample 3353: rtl=293 golden=-1005 err=1298
MISMATCH at sample 3354: rtl=-82 golden=-862 err=780
MISMATCH at sample 3355: rtl=-538 golden=-476 err=62
MISMATCH at sample 3356: rtl=-862 golden=-90 err=772
MISMATCH at sample 3357: rtl=-1061 golden=357 err=1418
MISMATCH at sample 3358: rtl=-1111 golden=618 err=1729
MISMATCH at sample 3359: rtl=-997 golden=833 err=1830
MISMATCH at sample 3360: rtl=-684 golden=881 err=1565
MISMATCH at sample 3361: rtl=-327 golden=682 err=1009
MISMATCH at sample 3362: rtl=169 golden=535 err=366
MISMATCH at sample 3363: rtl=575 golden=47 err=528
MISMATCH at sample 3364: rtl=821 golden=-303 err=1124
MISMATCH at sample 3365: rtl=1088 golden=-675 err=1763
MISMATCH at sample 3366: rtl=947 golden=-1055 err=2002
MISMATCH at sample 3367: rtl=818 golden=-1130 err=1948
MISMATCH at sample 3368: rtl=388 golden=-1229 err=1617
MISMATCH at sample 3369: rtl=-50 golden=-1003 err=953
MISMATCH at sample 3370: rtl=-448 golden=-706 err=258
MISMATCH at sample 3371: rtl=-907 golden=-331 err=576
MISMATCH at sample 3372: rtl=-1147 golden=161 err=1308
MISMATCH at sample 3373: rtl=-1258 golden=488 err=1746
MISMATCH at sample 3374: rtl=-1250 golden=828 err=2078
MISMATCH at sample 3375: rtl=-933 golden=905 err=1838
MISMATCH at sample 3376: rtl=-673 golden=869 err=1542
MISMATCH at sample 3377: rtl=-186 golden=650 err=836
MISMATCH at sample 3378: rtl=233 golden=293 err=60
MISMATCH at sample 3379: rtl=603 golden=-83 err=686
MISMATCH at sample 3380: rtl=860 golden=-539 err=1399
MISMATCH at sample 3381: rtl=959 golden=-863 err=1822
MISMATCH at sample 3382: rtl=859 golden=-1062 err=1921
MISMATCH at sample 3383: rtl=650 golden=-1112 err=1762
MISMATCH at sample 3384: rtl=323 golden=-998 err=1321
MISMATCH at sample 3385: rtl=-170 golden=-685 err=515
MISMATCH at sample 3386: rtl=-532 golden=-328 err=204
MISMATCH at sample 3387: rtl=-911 golden=169 err=1080
MISMATCH at sample 3388: rtl=-1084 golden=575 err=1659
MISMATCH at sample 3389: rtl=-1187 golden=821 err=2008
MISMATCH at sample 3390: rtl=-1026 golden=1088 err=2114
MISMATCH at sample 3391: rtl=-786 golden=947 err=1733
MISMATCH at sample 3392: rtl=-350 golden=818 err=1168
MISMATCH at sample 3393: rtl=128 golden=388 err=260
MISMATCH at sample 3394: rtl=480 golden=-51 err=531
MISMATCH at sample 3395: rtl=907 golden=-449 err=1356
MISMATCH at sample 3396: rtl=1032 golden=-908 err=1940
MISMATCH at sample 3397: rtl=1092 golden=-1148 err=2240
MISMATCH at sample 3398: rtl=902 golden=-1259 err=2161
MISMATCH at sample 3399: rtl=526 golden=-1251 err=1777
MISMATCH at sample 3400: rtl=251 golden=-934 err=1185
MISMATCH at sample 3401: rtl=-323 golden=-674 err=351
MISMATCH at sample 3402: rtl=-478 golden=-187 err=291
MISMATCH at sample 3403: rtl=-815 golden=233 err=1048
MISMATCH at sample 3404: rtl=-744 golden=603 err=1347
MISMATCH at sample 3405: rtl=-587 golden=860 err=1447
MISMATCH at sample 3406: rtl=-413 golden=959 err=1372
MISMATCH at sample 3407: rtl=106 golden=859 err=753
MISMATCH at sample 3408: rtl=366 golden=650 err=284
MISMATCH at sample 3409: rtl=870 golden=323 err=547
MISMATCH at sample 3410: rtl=940 golden=-171 err=1111
MISMATCH at sample 3411: rtl=1118 golden=-533 err=1651
MISMATCH at sample 3412: rtl=983 golden=-912 err=1895
MISMATCH at sample 3413: rtl=772 golden=-1085 err=1857
MISMATCH at sample 3414: rtl=382 golden=-1188 err=1570
MISMATCH at sample 3415: rtl=-21 golden=-1027 err=1006
MISMATCH at sample 3416: rtl=-373 golden=-787 err=414
MISMATCH at sample 3417: rtl=-738 golden=-351 err=387
MISMATCH at sample 3418: rtl=-849 golden=128 err=977
MISMATCH at sample 3419: rtl=-966 golden=480 err=1446
MISMATCH at sample 3420: rtl=-671 golden=907 err=1578
MISMATCH at sample 3421: rtl=-522 golden=1032 err=1554
MISMATCH at sample 3422: rtl=-62 golden=1092 err=1154
MISMATCH at sample 3423: rtl=313 golden=902 err=589
MISMATCH at sample 3424: rtl=681 golden=526 err=155
MISMATCH at sample 3425: rtl=1019 golden=251 err=768
MISMATCH at sample 3426: rtl=982 golden=-324 err=1306
MISMATCH at sample 3427: rtl=1092 golden=-479 err=1571
MISMATCH at sample 3428: rtl=797 golden=-816 err=1613
MISMATCH at sample 3429: rtl=524 golden=-745 err=1269
MISMATCH at sample 3430: rtl=149 golden=-588 err=737
MISMATCH at sample 3431: rtl=-371 golden=-414 err=43
MISMATCH at sample 3432: rtl=-523 golden=106 err=629
MISMATCH at sample 3433: rtl=-933 golden=366 err=1299
MISMATCH at sample 3434: rtl=-883 golden=870 err=1753
MISMATCH at sample 3435: rtl=-849 golden=940 err=1789
MISMATCH at sample 3436: rtl=-628 golden=1118 err=1746
MISMATCH at sample 3437: rtl=-214 golden=983 err=1197
MISMATCH at sample 3438: rtl=55 golden=772 err=717
MISMATCH at sample 3439: rtl=493 golden=382 err=111
MISMATCH at sample 3440: rtl=758 golden=-22 err=780
MISMATCH at sample 3441: rtl=922 golden=-374 err=1296
MISMATCH at sample 3442: rtl=925 golden=-739 err=1664
MISMATCH at sample 3443: rtl=754 golden=-850 err=1604
MISMATCH at sample 3444: rtl=507 golden=-967 err=1474
MISMATCH at sample 3445: rtl=128 golden=-672 err=800
MISMATCH at sample 3446: rtl=-246 golden=-523 err=277
MISMATCH at sample 3447: rtl=-620 golden=-63 err=557
MISMATCH at sample 3448: rtl=-853 golden=313 err=1166
MISMATCH at sample 3449: rtl=-852 golden=681 err=1533
MISMATCH at sample 3450: rtl=-872 golden=1019 err=1891
MISMATCH at sample 3451: rtl=-575 golden=982 err=1557
MISMATCH at sample 3452: rtl=-318 golden=1092 err=1410
MISMATCH at sample 3453: rtl=203 golden=797 err=594
MISMATCH at sample 3454: rtl=489 golden=524 err=35
MISMATCH at sample 3455: rtl=821 golden=149 err=672
MISMATCH at sample 3456: rtl=982 golden=-372 err=1354
MISMATCH at sample 3457: rtl=903 golden=-524 err=1427
MISMATCH at sample 3458: rtl=853 golden=-934 err=1787
MISMATCH at sample 3459: rtl=471 golden=-884 err=1355
MISMATCH at sample 3460: rtl=130 golden=-850 err=980
MISMATCH at sample 3461: rtl=-225 golden=-629 err=404
MISMATCH at sample 3462: rtl=-534 golden=-215 err=319
MISMATCH at sample 3463: rtl=-714 golden=55 err=769
MISMATCH at sample 3464: rtl=-754 golden=493 err=1247
MISMATCH at sample 3465: rtl=-675 golden=758 err=1433
MISMATCH at sample 3466: rtl=-402 golden=922 err=1324
MISMATCH at sample 3467: rtl=-85 golden=925 err=1010
MISMATCH at sample 3468: rtl=280 golden=754 err=474
MISMATCH at sample 3469: rtl=625 golden=507 err=118
MISMATCH at sample 3470: rtl=885 golden=128 err=757
MISMATCH at sample 3471: rtl=967 golden=-247 err=1214
MISMATCH at sample 3472: rtl=1004 golden=-621 err=1625
MISMATCH at sample 3473: rtl=759 golden=-854 err=1613
MISMATCH at sample 3474: rtl=503 golden=-853 err=1356
MISMATCH at sample 3475: rtl=113 golden=-873 err=986
MISMATCH at sample 3476: rtl=-340 golden=-576 err=236
MISMATCH at sample 3477: rtl=-531 golden=-319 err=212
MISMATCH at sample 3478: rtl=-861 golden=203 err=1064
MISMATCH at sample 3479: rtl=-835 golden=489 err=1324
MISMATCH at sample 3480: rtl=-719 golden=821 err=1540
MISMATCH at sample 3481: rtl=-485 golden=982 err=1467
MISMATCH at sample 3482: rtl=4 golden=903 err=899
MISMATCH at sample 3483: rtl=317 golden=853 err=536
MISMATCH at sample 3484: rtl=733 golden=471 err=262
MISMATCH at sample 3485: rtl=990 golden=130 err=860
MISMATCH at sample 3486: rtl=1077 golden=-226 err=1303
MISMATCH at sample 3487: rtl=930 golden=-535 err=1465
MISMATCH at sample 3488: rtl=722 golden=-715 err=1437
MISMATCH at sample 3489: rtl=263 golden=-755 err=1018
MISMATCH at sample 3490: rtl=-146 golden=-676 err=530
MISMATCH at sample 3491: rtl=-544 golden=-403 err=141
MISMATCH at sample 3492: rtl=-944 golden=-86 err=858
MISMATCH at sample 3493: rtl=-1005 golden=280 err=1285
MISMATCH at sample 3494: rtl=-1021 golden=625 err=1646
MISMATCH at sample 3495: rtl=-800 golden=885 err=1685
MISMATCH at sample 3496: rtl=-459 golden=967 err=1426
MISMATCH at sample 3497: rtl=2 golden=1004 err=1002
MISMATCH at sample 3498: rtl=371 golden=759 err=388
MISMATCH at sample 3499: rtl=753 golden=503 err=250
MISMATCH at sample 3500: rtl=916 golden=113 err=803
MISMATCH at sample 3501: rtl=961 golden=-341 err=1302
MISMATCH at sample 3502: rtl=842 golden=-532 err=1374
MISMATCH at sample 3503: rtl=524 golden=-862 err=1386
MISMATCH at sample 3504: rtl=116 golden=-836 err=952
MISMATCH at sample 3505: rtl=-271 golden=-720 err=449
MISMATCH at sample 3506: rtl=-600 golden=-486 err=114
MISMATCH at sample 3507: rtl=-935 golden=4 err=939
MISMATCH at sample 3508: rtl=-907 golden=317 err=1224
MISMATCH at sample 3509: rtl=-925 golden=733 err=1658
MISMATCH at sample 3510: rtl=-538 golden=990 err=1528
MISMATCH at sample 3511: rtl=-246 golden=1077 err=1323
MISMATCH at sample 3512: rtl=207 golden=930 err=723
MISMATCH at sample 3513: rtl=618 golden=722 err=104
MISMATCH at sample 3514: rtl=938 golden=263 err=675
MISMATCH at sample 3515: rtl=1072 golden=-147 err=1219
MISMATCH at sample 3516: rtl=1054 golden=-545 err=1599
MISMATCH at sample 3517: rtl=869 golden=-945 err=1814
MISMATCH at sample 3518: rtl=487 golden=-1006 err=1493
MISMATCH at sample 3519: rtl=134 golden=-1022 err=1156
MISMATCH at sample 3520: rtl=-422 golden=-801 err=379
MISMATCH at sample 3521: rtl=-662 golden=-460 err=202
MISMATCH at sample 3522: rtl=-954 golden=2 err=956
MISMATCH at sample 3523: rtl=-979 golden=371 err=1350
MISMATCH at sample 3524: rtl=-835 golden=753 err=1588
MISMATCH at sample 3525: rtl=-565 golden=916 err=1481
MISMATCH at sample 3526: rtl=-166 golden=961 err=1127
MISMATCH at sample 3527: rtl=317 golden=842 err=525
MISMATCH at sample 3528: rtl=632 golden=524 err=108
MISMATCH at sample 3529: rtl=868 golden=116 err=752
MISMATCH at sample 3530: rtl=1067 golden=-272 err=1339
MISMATCH at sample 3531: rtl=803 golden=-601 err=1404
MISMATCH at sample 3532: rtl=727 golden=-936 err=1663
MISMATCH at sample 3533: rtl=239 golden=-908 err=1147
MISMATCH at sample 3534: rtl=-178 golden=-926 err=748
MISMATCH at sample 3535: rtl=-488 golden=-539 err=51
MISMATCH at sample 3536: rtl=-901 golden=-247 err=654
MISMATCH at sample 3537: rtl=-972 golden=207 err=1179
MISMATCH at sample 3538: rtl=-1007 golden=618 err=1625
MISMATCH at sample 3539: rtl=-801 golden=938 err=1739
MISMATCH at sample 3540: rtl=-504 golden=1072 err=1576
MISMATCH at sample 3541: rtl=-12 golden=1054 err=1066
MISMATCH at sample 3542: rtl=335 golden=869 err=534
MISMATCH at sample 3543: rtl=715 golden=487 err=228
MISMATCH at sample 3544: rtl=985 golden=134 err=851
MISMATCH at sample 3545: rtl=985 golden=-423 err=1408
MISMATCH at sample 3546: rtl=960 golden=-663 err=1623
MISMATCH at sample 3547: rtl=622 golden=-955 err=1577
MISMATCH at sample 3548: rtl=243 golden=-980 err=1223
MISMATCH at sample 3549: rtl=-106 golden=-836 err=730
MISMATCH at sample 3550: rtl=-572 golden=-566 err=6
MISMATCH at sample 3551: rtl=-825 golden=-167 err=658
MISMATCH at sample 3552: rtl=-955 golden=317 err=1272
MISMATCH at sample 3553: rtl=-938 golden=632 err=1570
MISMATCH at sample 3554: rtl=-646 golden=868 err=1514
MISMATCH at sample 3555: rtl=-394 golden=1067 err=1461
MISMATCH at sample 3556: rtl=104 golden=803 err=699
MISMATCH at sample 3557: rtl=528 golden=727 err=199
MISMATCH at sample 3558: rtl=831 golden=239 err=592
MISMATCH at sample 3559: rtl=1070 golden=-179 err=1249
MISMATCH at sample 3560: rtl=977 golden=-489 err=1466
MISMATCH at sample 3561: rtl=965 golden=-902 err=1867
MISMATCH at sample 3562: rtl=516 golden=-973 err=1489
MISMATCH at sample 3563: rtl=166 golden=-1008 err=1174
MISMATCH at sample 3564: rtl=-334 golden=-802 err=468
MISMATCH at sample 3565: rtl=-632 golden=-505 err=127
MISMATCH at sample 3566: rtl=-844 golden=-13 err=831
MISMATCH at sample 3567: rtl=-912 golden=335 err=1247
MISMATCH at sample 3568: rtl=-707 golden=715 err=1422
MISMATCH at sample 3569: rtl=-433 golden=985 err=1418
MISMATCH at sample 3570: rtl=42 golden=985 err=943
MISMATCH at sample 3571: rtl=483 golden=960 err=477
MISMATCH at sample 3572: rtl=836 golden=622 err=214
MISMATCH at sample 3573: rtl=1083 golden=243 err=840
MISMATCH at sample 3574: rtl=1044 golden=-107 err=1151
MISMATCH at sample 3575: rtl=976 golden=-573 err=1549
MISMATCH at sample 3576: rtl=612 golden=-826 err=1438
MISMATCH at sample 3577: rtl=239 golden=-956 err=1195
MISMATCH at sample 3578: rtl=-264 golden=-939 err=675
MISMATCH at sample 3579: rtl=-536 golden=-647 err=111
MISMATCH at sample 3580: rtl=-796 golden=-395 err=401
MISMATCH at sample 3581: rtl=-800 golden=104 err=904
MISMATCH at sample 3582: rtl=-746 golden=528 err=1274
MISMATCH at sample 3583: rtl=-482 golden=831 err=1313
MISMATCH at sample 3584: rtl=-46 golden=1070 err=1116
MISMATCH at sample 3585: rtl=274 golden=977 err=703
MISMATCH at sample 3586: rtl=724 golden=965 err=241
MISMATCH at sample 3587: rtl=814 golden=516 err=298
MISMATCH at sample 3588: rtl=1079 golden=166 err=913
MISMATCH at sample 3589: rtl=833 golden=-335 err=1168
MISMATCH at sample 3590: rtl=680 golden=-633 err=1313
MISMATCH at sample 3591: rtl=254 golden=-845 err=1099
MISMATCH at sample 3592: rtl=-182 golden=-913 err=731
MISMATCH at sample 3593: rtl=-547 golden=-708 err=161
MISMATCH at sample 3594: rtl=-862 golden=-434 err=428
MISMATCH at sample 3595: rtl=-1012 golden=42 err=1054
MISMATCH at sample 3596: rtl=-891 golden=483 err=1374
MISMATCH at sample 3597: rtl=-756 golden=836 err=1592
MISMATCH at sample 3598: rtl=-364 golden=1083 err=1447
MISMATCH at sample 3599: rtl=74 golden=1044 err=970
MISMATCH at sample 3600: rtl=427 golden=976 err=549
MISMATCH at sample 3601: rtl=884 golden=612 err=272
MISMATCH at sample 3602: rtl=909 golden=239 err=670
MISMATCH at sample 3603: rtl=1055 golden=-265 err=1320
MISMATCH at sample 3604: rtl=848 golden=-537 err=1385
MISMATCH at sample 3605: rtl=532 golden=-797 err=1329
MISMATCH at sample 3606: rtl=241 golden=-801 err=1042
MISMATCH at sample 3607: rtl=-304 golden=-747 err=443
MISMATCH at sample 3608: rtl=-544 golden=-483 err=61
MISMATCH at sample 3609: rtl=-759 golden=-47 err=712
MISMATCH at sample 3610: rtl=-867 golden=274 err=1141
MISMATCH at sample 3611: rtl=-680 golden=724 err=1404
MISMATCH at sample 3612: rtl=-458 golden=814 err=1272
MISMATCH at sample 3613: rtl=-93 golden=1079 err=1172
MISMATCH at sample 3614: rtl=355 golden=833 err=478
MISMATCH at sample 3615: rtl=584 golden=680 err=96
MISMATCH at sample 3616: rtl=822 golden=254 err=568
MISMATCH at sample 3617: rtl=890 golden=-183 err=1073
MISMATCH at sample 3618: rtl=695 golden=-548 err=1243
MISMATCH at sample 3619: rtl=494 golden=-863 err=1357
MISMATCH at sample 3620: rtl=-23 golden=-1013 err=990
MISMATCH at sample 3621: rtl=-362 golden=-892 err=530
MISMATCH at sample 3622: rtl=-674 golden=-757 err=83
MISMATCH at sample 3623: rtl=-1052 golden=-365 err=687
MISMATCH at sample 3624: rtl=-916 golden=74 err=990
MISMATCH at sample 3625: rtl=-976 golden=427 err=1403
MISMATCH at sample 3626: rtl=-494 golden=884 err=1378
MISMATCH at sample 3627: rtl=-128 golden=909 err=1037
MISMATCH at sample 3628: rtl=303 golden=1055 err=752
MISMATCH at sample 3629: rtl=815 golden=848 err=33
MISMATCH at sample 3630: rtl=999 golden=532 err=467
MISMATCH at sample 3631: rtl=1217 golden=241 err=976
MISMATCH at sample 3632: rtl=1058 golden=-305 err=1363
MISMATCH at sample 3633: rtl=885 golden=-545 err=1430
MISMATCH at sample 3634: rtl=403 golden=-760 err=1163
MISMATCH at sample 3635: rtl=56 golden=-868 err=924
MISMATCH at sample 3636: rtl=-448 golden=-681 err=233
MISMATCH at sample 3637: rtl=-674 golden=-459 err=215
MISMATCH at sample 3638: rtl=-832 golden=-94 err=738
MISMATCH at sample 3639: rtl=-827 golden=355 err=1182
MISMATCH at sample 3640: rtl=-567 golden=584 err=1151
MISMATCH at sample 3641: rtl=-288 golden=822 err=1110
MISMATCH at sample 3642: rtl=172 golden=890 err=718
MISMATCH at sample 3643: rtl=426 golden=695 err=269
MISMATCH at sample 3644: rtl=756 golden=494 err=262
MISMATCH at sample 3645: rtl=777 golden=-24 err=801
MISMATCH at sample 3646: rtl=725 golden=-363 err=1088
MISMATCH at sample 3647: rtl=531 golden=-675 err=1206
MISMATCH at sample 3648: rtl=99 golden=-1053 err=1152
MISMATCH at sample 3649: rtl=-253 golden=-917 err=664
MISMATCH at sample 3650: rtl=-637 golden=-977 err=340
MISMATCH at sample 3651: rtl=-878 golden=-495 err=383
MISMATCH at sample 3652: rtl=-1039 golden=-129 err=910
MISMATCH at sample 3653: rtl=-886 golden=303 err=1189
MISMATCH at sample 3654: rtl=-808 golden=815 err=1623
MISMATCH at sample 3655: rtl=-282 golden=999 err=1281
MISMATCH at sample 3656: rtl=46 golden=1217 err=1171
MISMATCH at sample 3657: rtl=449 golden=1058 err=609
MISMATCH at sample 3658: rtl=823 golden=885 err=62
MISMATCH at sample 3659: rtl=871 golden=403 err=468
MISMATCH at sample 3660: rtl=940 golden=56 err=884
MISMATCH at sample 3661: rtl=637 golden=-449 err=1086
MISMATCH at sample 3662: rtl=327 golden=-675 err=1002
MISMATCH at sample 3663: rtl=-112 golden=-833 err=721
MISMATCH at sample 3664: rtl=-460 golden=-828 err=368
MISMATCH at sample 3665: rtl=-764 golden=-568 err=196
MISMATCH at sample 3666: rtl=-792 golden=-289 err=503
MISMATCH at sample 3667: rtl=-813 golden=172 err=985
MISMATCH at sample 3668: rtl=-526 golden=426 err=952
MISMATCH at sample 3669: rtl=-187 golden=756 err=943
MISMATCH at sample 3670: rtl=171 golden=777 err=606
MISMATCH at sample 3671: rtl=548 golden=725 err=177
MISMATCH at sample 3672: rtl=771 golden=531 err=240
MISMATCH at sample 3673: rtl=836 golden=99 err=737
MISMATCH at sample 3674: rtl=795 golden=-254 err=1049
MISMATCH at sample 3675: rtl=543 golden=-638 err=1181
MISMATCH at sample 3676: rtl=134 golden=-879 err=1013
MISMATCH at sample 3677: rtl=-235 golden=-1040 err=805
MISMATCH at sample 3678: rtl=-686 golden=-887 err=201
MISMATCH at sample 3679: rtl=-996 golden=-809 err=187
MISMATCH at sample 3680: rtl=-1123 golden=-283 err=840
MISMATCH at sample 3681: rtl=-1156 golden=46 err=1202
MISMATCH at sample 3682: rtl=-889 golden=449 err=1338
MISMATCH at sample 3683: rtl=-553 golden=823 err=1376
MISMATCH at sample 3684: rtl=-91 golden=871 err=962
MISMATCH at sample 3685: rtl=378 golden=940 err=562
MISMATCH at sample 3686: rtl=696 golden=637 err=59
MISMATCH at sample 3687: rtl=938 golden=327 err=611
MISMATCH at sample 3688: rtl=923 golden=-113 err=1036
MISMATCH at sample 3689: rtl=765 golden=-461 err=1226
MISMATCH at sample 3690: rtl=409 golden=-765 err=1174
MISMATCH at sample 3691: rtl=7 golden=-793 err=800
MISMATCH at sample 3692: rtl=-402 golden=-814 err=412
MISMATCH at sample 3693: rtl=-754 golden=-527 err=227
MISMATCH at sample 3694: rtl=-874 golden=-188 err=686
MISMATCH at sample 3695: rtl=-906 golden=171 err=1077
MISMATCH at sample 3696: rtl=-662 golden=548 err=1210
MISMATCH at sample 3697: rtl=-300 golden=771 err=1071
MISMATCH at sample 3698: rtl=114 golden=836 err=722
MISMATCH at sample 3699: rtl=586 golden=795 err=209
MISMATCH at sample 3700: rtl=887 golden=543 err=344
MISMATCH at sample 3701: rtl=1130 golden=134 err=996
MISMATCH at sample 3702: rtl=1073 golden=-236 err=1309
MISMATCH at sample 3703: rtl=955 golden=-687 err=1642
MISMATCH at sample 3704: rtl=543 golden=-997 err=1540
MISMATCH at sample 3705: rtl=162 golden=-1124 err=1286
MISMATCH at sample 3706: rtl=-269 golden=-1157 err=888
MISMATCH at sample 3707: rtl=-609 golden=-890 err=281
MISMATCH at sample 3708: rtl=-716 golden=-554 err=162
MISMATCH at sample 3709: rtl=-785 golden=-92 err=693
MISMATCH at sample 3710: rtl=-478 golden=378 err=856
MISMATCH at sample 3711: rtl=-266 golden=696 err=962
MISMATCH at sample 3712: rtl=287 golden=938 err=651
MISMATCH at sample 3713: rtl=639 golden=923 err=284
MISMATCH at sample 3714: rtl=853 golden=765 err=88
MISMATCH at sample 3715: rtl=1106 golden=409 err=697
MISMATCH at sample 3716: rtl=845 golden=7 err=838
MISMATCH at sample 3717: rtl=752 golden=-403 err=1155
MISMATCH at sample 3718: rtl=246 golden=-755 err=1001
MISMATCH at sample 3719: rtl=-190 golden=-875 err=685
MISMATCH at sample 3720: rtl=-511 golden=-907 err=396
MISMATCH at sample 3721: rtl=-922 golden=-663 err=259
MISMATCH at sample 3722: rtl=-896 golden=-301 err=595
MISMATCH at sample 3723: rtl=-929 golden=114 err=1043
MISMATCH at sample 3724: rtl=-632 golden=586 err=1218
MISMATCH at sample 3725: rtl=-202 golden=887 err=1089
MISMATCH at sample 3726: rtl=59 golden=1130 err=1071
MISMATCH at sample 3727: rtl=581 golden=1073 err=492
MISMATCH at sample 3728: rtl=788 golden=955 err=167
MISMATCH at sample 3729: rtl=893 golden=543 err=350
MISMATCH at sample 3730: rtl=861 golden=162 err=699
MISMATCH at sample 3731: rtl=543 golden=-270 err=813
MISMATCH at sample 3732: rtl=233 golden=-610 err=843
MISMATCH at sample 3733: rtl=-213 golden=-717 err=504
MISMATCH at sample 3734: rtl=-582 golden=-786 err=204
MISMATCH at sample 3735: rtl=-981 golden=-479 err=502
MISMATCH at sample 3736: rtl=-1010 golden=-267 err=743
MISMATCH at sample 3737: rtl=-1048 golden=287 err=1335
MISMATCH at sample 3738: rtl=-732 golden=639 err=1371
MISMATCH at sample 3739: rtl=-346 golden=853 err=1199
MISMATCH at sample 3740: rtl=20 golden=1106 err=1086
MISMATCH at sample 3741: rtl=596 golden=845 err=249
MISMATCH at sample 3742: rtl=818 golden=752 err=66
MISMATCH at sample 3743: rtl=1051 golden=246 err=805
MISMATCH at sample 3744: rtl=984 golden=-191 err=1175
MISMATCH at sample 3745: rtl=759 golden=-512 err=1271
MISMATCH at sample 3746: rtl=436 golden=-923 err=1359
MISMATCH at sample 3747: rtl=-59 golden=-897 err=838
MISMATCH at sample 3748: rtl=-412 golden=-930 err=518
MISMATCH at sample 3749: rtl=-729 golden=-633 err=96
MISMATCH at sample 3750: rtl=-793 golden=-203 err=590
MISMATCH at sample 3751: rtl=-792 golden=59 err=851
MISMATCH at sample 3752: rtl=-501 golden=581 err=1082
MISMATCH at sample 3753: rtl=-130 golden=788 err=918
MISMATCH at sample 3754: rtl=252 golden=893 err=641
MISMATCH at sample 3755: rtl=608 golden=861 err=253
MISMATCH at sample 3756: rtl=773 golden=543 err=230
MISMATCH at sample 3757: rtl=788 golden=233 err=555
MISMATCH at sample 3758: rtl=691 golden=-214 err=905
MISMATCH at sample 3759: rtl=292 golden=-583 err=875
MISMATCH at sample 3760: rtl=-52 golden=-982 err=930
MISMATCH at sample 3761: rtl=-463 golden=-1011 err=548
MISMATCH at sample 3762: rtl=-823 golden=-1049 err=226
MISMATCH at sample 3763: rtl=-931 golden=-733 err=198
MISMATCH at sample 3764: rtl=-903 golden=-347 err=556
MISMATCH at sample 3765: rtl=-751 golden=20 err=771
MISMATCH at sample 3766: rtl=-393 golden=596 err=989
MISMATCH at sample 3767: rtl=35 golden=818 err=783
MISMATCH at sample 3768: rtl=439 golden=1051 err=612
MISMATCH at sample 3769: rtl=855 golden=984 err=129
MISMATCH at sample 3770: rtl=835 golden=759 err=76
MISMATCH at sample 3771: rtl=995 golden=436 err=559
MISMATCH at sample 3772: rtl=644 golden=-60 err=704
MISMATCH at sample 3773: rtl=385 golden=-413 err=798
MISMATCH at sample 3774: rtl=-77 golden=-730 err=653
MISMATCH at sample 3775: rtl=-563 golden=-794 err=231
MISMATCH at sample 3776: rtl=-762 golden=-793 err=31
MISMATCH at sample 3777: rtl=-1051 golden=-502 err=549
MISMATCH at sample 3778: rtl=-906 golden=-131 err=775
MISMATCH at sample 3779: rtl=-746 golden=252 err=998
MISMATCH at sample 3780: rtl=-384 golden=608 err=992
MISMATCH at sample 3781: rtl=-8 golden=773 err=781
MISMATCH at sample 3782: rtl=386 golden=788 err=402
MISMATCH at sample 3783: rtl=628 golden=691 err=63
MISMATCH at sample 3784: rtl=777 golden=292 err=485
MISMATCH at sample 3785: rtl=675 golden=-53 err=728
MISMATCH at sample 3786: rtl=405 golden=-464 err=869
MISMATCH at sample 3787: rtl=147 golden=-824 err=971
MISMATCH at sample 3788: rtl=-323 golden=-932 err=609
MISMATCH at sample 3789: rtl=-627 golden=-904 err=277
MISMATCH at sample 3790: rtl=-875 golden=-752 err=123
MISMATCH at sample 3791: rtl=-984 golden=-394 err=590
MISMATCH at sample 3792: rtl=-802 golden=35 err=837
MISMATCH at sample 3793: rtl=-600 golden=439 err=1039
MISMATCH at sample 3794: rtl=-144 golden=855 err=999
MISMATCH at sample 3795: rtl=252 golden=835 err=583
MISMATCH at sample 3796: rtl=629 golden=995 err=366
MISMATCH at sample 3797: rtl=932 golden=644 err=288
MISMATCH at sample 3798: rtl=978 golden=385 err=593
MISMATCH at sample 3799: rtl=906 golden=-78 err=984
MISMATCH at sample 3800: rtl=562 golden=-564 err=1126
MISMATCH at sample 3801: rtl=222 golden=-763 err=985
MISMATCH at sample 3802: rtl=-222 golden=-1052 err=830
MISMATCH at sample 3803: rtl=-594 golden=-907 err=313
MISMATCH at sample 3804: rtl=-784 golden=-747 err=37
MISMATCH at sample 3805: rtl=-888 golden=-385 err=503
MISMATCH at sample 3806: rtl=-695 golden=-9 err=686
MISMATCH at sample 3807: rtl=-421 golden=386 err=807
MISMATCH at sample 3808: rtl=-60 golden=628 err=688
MISMATCH at sample 3809: rtl=359 golden=777 err=418
MISMATCH at sample 3810: rtl=647 golden=675 err=28
MISMATCH at sample 3811: rtl=834 golden=405 err=429
MISMATCH at sample 3812: rtl=874 golden=147 err=727
MISMATCH at sample 3813: rtl=613 golden=-324 err=937
MISMATCH at sample 3814: rtl=355 golden=-628 err=983
MISMATCH at sample 3815: rtl=-51 golden=-876 err=825
MISMATCH at sample 3816: rtl=-496 golden=-985 err=489
MISMATCH at sample 3817: rtl=-718 golden=-803 err=85
MISMATCH at sample 3818: rtl=-973 golden=-601 err=372
MISMATCH at sample 3819: rtl=-806 golden=-145 err=661
MISMATCH at sample 3820: rtl=-667 golden=252 err=919
MISMATCH at sample 3821: rtl=-312 golden=629 err=941
MISMATCH at sample 3822: rtl=167 golden=932 err=765
MISMATCH at sample 3823: rtl=528 golden=978 err=450
MISMATCH at sample 3824: rtl=874 golden=906 err=32
MISMATCH at sample 3825: rtl=920 golden=562 err=358
MISMATCH at sample 3826: rtl=842 golden=222 err=620
MISMATCH at sample 3827: rtl=629 golden=-223 err=852
MISMATCH at sample 3828: rtl=249 golden=-595 err=844
MISMATCH at sample 3829: rtl=-244 golden=-785 err=541
MISMATCH at sample 3830: rtl=-590 golden=-889 err=299
MISMATCH at sample 3831: rtl=-876 golden=-696 err=180
MISMATCH at sample 3832: rtl=-941 golden=-422 err=519
MISMATCH at sample 3833: rtl=-860 golden=-61 err=799
MISMATCH at sample 3834: rtl=-603 golden=359 err=962
MISMATCH at sample 3835: rtl=-191 golden=647 err=838
MISMATCH at sample 3836: rtl=123 golden=834 err=711
MISMATCH at sample 3837: rtl=582 golden=874 err=292
MISMATCH at sample 3838: rtl=638 golden=613 err=25
MISMATCH at sample 3839: rtl=811 golden=355 err=456
MISMATCH at sample 3840: rtl=496 golden=-52 err=548
MISMATCH at sample 3841: rtl=280 golden=-497 err=777
MISMATCH at sample 3842: rtl=-108 golden=-719 err=611
MISMATCH at sample 3843: rtl=-484 golden=-974 err=490
MISMATCH at sample 3844: rtl=-646 golden=-807 err=161
MISMATCH at sample 3845: rtl=-847 golden=-668 err=179
MISMATCH at sample 3846: rtl=-657 golden=-313 err=344
MISMATCH at sample 3847: rtl=-461 golden=167 err=628
MISMATCH at sample 3848: rtl=-47 golden=528 err=575
MISMATCH at sample 3849: rtl=239 golden=874 err=635
MISMATCH at sample 3850: rtl=619 golden=920 err=301
MISMATCH at sample 3851: rtl=742 golden=842 err=100
MISMATCH at sample 3852: rtl=750 golden=629 err=121
MISMATCH at sample 3853: rtl=628 golden=249 err=379
MISMATCH at sample 3854: rtl=207 golden=-245 err=452
MISMATCH at sample 3855: rtl=-66 golden=-591 err=525
MISMATCH at sample 3856: rtl=-527 golden=-877 err=350
MISMATCH at sample 3857: rtl=-775 golden=-942 err=167
MISMATCH at sample 3858: rtl=-907 golden=-861 err=46
MISMATCH at sample 3859: rtl=-852 golden=-604 err=248
MISMATCH at sample 3860: rtl=-642 golden=-192 err=450
MISMATCH at sample 3861: rtl=-256 golden=123 err=379
MISMATCH at sample 3862: rtl=134 golden=582 err=448
MISMATCH at sample 3863: rtl=522 golden=638 err=116
MISMATCH at sample 3864: rtl=803 golden=811 err=8
MISMATCH at sample 3865: rtl=826 golden=496 err=330
MISMATCH at sample 3866: rtl=794 golden=280 err=514
MISMATCH at sample 3867: rtl=427 golden=-109 err=536
MISMATCH at sample 3868: rtl=84 golden=-485 err=569
MISMATCH at sample 3869: rtl=-410 golden=-647 err=237
MISMATCH at sample 3870: rtl=-756 golden=-848 err=92
MISMATCH at sample 3871: rtl=-1086 golden=-658 err=428
MISMATCH at sample 3872: rtl=-1077 golden=-462 err=615
MISMATCH at sample 3873: rtl=-1030 golden=-48 err=982
MISMATCH at sample 3874: rtl=-711 golden=239 err=950
MISMATCH at sample 3875: rtl=-249 golden=619 err=868
MISMATCH at sample 3876: rtl=75 golden=742 err=667
MISMATCH at sample 3877: rtl=599 golden=750 err=151
MISMATCH at sample 3878: rtl=721 golden=628 err=93
MISMATCH at sample 3879: rtl=813 golden=207 err=606
MISMATCH at sample 3880: rtl=646 golden=-67 err=713
MISMATCH at sample 3881: rtl=389 golden=-528 err=917
MISMATCH at sample 3882: rtl=-82 golden=-776 err=694
MISMATCH at sample 3883: rtl=-430 golden=-908 err=478
MISMATCH at sample 3884: rtl=-810 golden=-853 err=43
MISMATCH at sample 3885: rtl=-957 golden=-643 err=314
MISMATCH at sample 3886: rtl=-838 golden=-257 err=581
MISMATCH at sample 3887: rtl=-815 golden=134 err=949
MISMATCH at sample 3888: rtl=-269 golden=522 err=791
MISMATCH at sample 3889: rtl=-52 golden=803 err=855
MISMATCH at sample 3890: rtl=394 golden=826 err=432
MISMATCH at sample 3891: rtl=628 golden=794 err=166
MISMATCH at sample 3892: rtl=581 golden=427 err=154
MISMATCH at sample 3893: rtl=553 golden=84 err=469
MISMATCH at sample 3894: rtl=177 golden=-411 err=588
MISMATCH at sample 3895: rtl=-153 golden=-757 err=604
MISMATCH at sample 3896: rtl=-501 golden=-1087 err=586
MISMATCH at sample 3897: rtl=-877 golden=-1078 err=201
MISMATCH at sample 3898: rtl=-982 golden=-1031 err=49
MISMATCH at sample 3899: rtl=-931 golden=-712 err=219
MISMATCH at sample 3900: rtl=-733 golden=-250 err=483
MISMATCH at sample 3901: rtl=-311 golden=75 err=386
MISMATCH at sample 3902: rtl=41 golden=599 err=558
MISMATCH at sample 3903: rtl=435 golden=721 err=286
MISMATCH at sample 3904: rtl=753 golden=813 err=60
MISMATCH at sample 3905: rtl=752 golden=646 err=106
MISMATCH at sample 3906: rtl=723 golden=389 err=334
MISMATCH at sample 3907: rtl=417 golden=-83 err=500
MISMATCH at sample 3908: rtl=-9 golden=-431 err=422
MISMATCH at sample 3909: rtl=-317 golden=-811 err=494
MISMATCH at sample 3910: rtl=-743 golden=-958 err=215
MISMATCH at sample 3911: rtl=-848 golden=-839 err=9
MISMATCH at sample 3912: rtl=-831 golden=-816 err=15
MISMATCH at sample 3913: rtl=-661 golden=-270 err=391
MISMATCH at sample 3914: rtl=-216 golden=-53 err=163
MISMATCH at sample 3915: rtl=148 golden=394 err=246
MISMATCH at sample 3916: rtl=610 golden=628 err=18
MISMATCH at sample 3917: rtl=912 golden=581 err=331
MISMATCH at sample 3918: rtl=993 golden=553 err=440
MISMATCH at sample 3919: rtl=992 golden=177 err=815
MISMATCH at sample 3920: rtl=718 golden=-154 err=872
MISMATCH at sample 3921: rtl=355 golden=-502 err=857
MISMATCH at sample 3922: rtl=-33 golden=-878 err=845
MISMATCH at sample 3923: rtl=-526 golden=-983 err=457
MISMATCH at sample 3924: rtl=-633 golden=-932 err=299
MISMATCH at sample 3925: rtl=-893 golden=-734 err=159
MISMATCH at sample 3926: rtl=-702 golden=-312 err=390
MISMATCH at sample 3927: rtl=-476 golden=41 err=517
MISMATCH at sample 3928: rtl=-193 golden=435 err=628
MISMATCH at sample 3929: rtl=336 golden=753 err=417
MISMATCH at sample 3930: rtl=499 golden=752 err=253
MISMATCH at sample 3932: rtl=713 golden=417 err=296
MISMATCH at sample 3933: rtl=478 golden=-10 err=488
MISMATCH at sample 3934: rtl=187 golden=-318 err=505
MISMATCH at sample 3935: rtl=-240 golden=-744 err=504
MISMATCH at sample 3936: rtl=-629 golden=-849 err=220
MISMATCH at sample 3937: rtl=-802 golden=-832 err=30
MISMATCH at sample 3938: rtl=-883 golden=-662 err=221
MISMATCH at sample 3939: rtl=-782 golden=-217 err=565
MISMATCH at sample 3940: rtl=-454 golden=148 err=602
MISMATCH at sample 3941: rtl=-65 golden=610 err=675
MISMATCH at sample 3942: rtl=329 golden=912 err=583
MISMATCH at sample 3943: rtl=620 golden=993 err=373
MISMATCH at sample 3944: rtl=748 golden=992 err=244
MISMATCH at sample 3945: rtl=720 golden=718 err=2
MISMATCH at sample 3946: rtl=491 golden=355 err=136
MISMATCH at sample 3947: rtl=128 golden=-34 err=162
MISMATCH at sample 3948: rtl=-275 golden=-527 err=252
MISMATCH at sample 3949: rtl=-599 golden=-634 err=35
MISMATCH at sample 3950: rtl=-909 golden=-894 err=15
MISMATCH at sample 3951: rtl=-876 golden=-703 err=173
MISMATCH at sample 3952: rtl=-850 golden=-477 err=373
MISMATCH at sample 3953: rtl=-478 golden=-194 err=284
MISMATCH at sample 3954: rtl=-91 golden=336 err=427
MISMATCH at sample 3955: rtl=282 golden=499 err=217
MISMATCH at sample 3956: rtl=748 golden=723 err=25
MISMATCH at sample 3957: rtl=870 golden=713 err=157
MISMATCH at sample 3958: rtl=957 golden=478 err=479
MISMATCH at sample 3959: rtl=758 golden=187 err=571
MISMATCH at sample 3960: rtl=427 golden=-241 err=668
MISMATCH at sample 3961: rtl=-8 golden=-630 err=622
MISMATCH at sample 3962: rtl=-452 golden=-803 err=351
MISMATCH at sample 3963: rtl=-764 golden=-884 err=120
MISMATCH at sample 3964: rtl=-931 golden=-783 err=148
MISMATCH at sample 3965: rtl=-890 golden=-455 err=435
MISMATCH at sample 3966: rtl=-648 golden=-66 err=582
MISMATCH at sample 3967: rtl=-334 golden=329 err=663
MISMATCH at sample 3968: rtl=182 golden=620 err=438
MISMATCH at sample 3969: rtl=444 golden=748 err=304
MISMATCH at sample 3970: rtl=731 golden=720 err=11
MISMATCH at sample 3971: rtl=745 golden=491 err=254
MISMATCH at sample 3972: rtl=623 golden=128 err=495
MISMATCH at sample 3973: rtl=318 golden=-276 err=594
MISMATCH at sample 3974: rtl=-80 golden=-600 err=520
MISMATCH at sample 3975: rtl=-473 golden=-910 err=437
MISMATCH at sample 3976: rtl=-780 golden=-877 err=97
MISMATCH at sample 3977: rtl=-857 golden=-851 err=6
MISMATCH at sample 3978: rtl=-869 golden=-479 err=390
MISMATCH at sample 3979: rtl=-560 golden=-92 err=468
MISMATCH at sample 3980: rtl=-242 golden=282 err=524
MISMATCH at sample 3981: rtl=240 golden=748 err=508
MISMATCH at sample 3982: rtl=584 golden=870 err=286
MISMATCH at sample 3983: rtl=827 golden=957 err=130
MISMATCH at sample 3984: rtl=864 golden=758 err=106
MISMATCH at sample 3985: rtl=780 golden=427 err=353
MISMATCH at sample 3986: rtl=397 golden=-9 err=406
MISMATCH at sample 3987: rtl=91 golden=-453 err=544
MISMATCH at sample 3988: rtl=-350 golden=-765 err=415
MISMATCH at sample 3989: rtl=-586 golden=-932 err=346
MISMATCH at sample 3990: rtl=-673 golden=-890 err=217
MISMATCH at sample 3991: rtl=-641 golden=-649 err=8
MISMATCH at sample 3992: rtl=-344 golden=-335 err=9
MISMATCH at sample 3993: rtl=5 golden=182 err=177
MISMATCH at sample 3994: rtl=413 golden=444 err=31
MISMATCH at sample 3995: rtl=714 golden=731 err=17
MISMATCH at sample 3996: rtl=922 golden=745 err=177
MISMATCH at sample 3997: rtl=928 golden=623 err=305
MISMATCH at sample 3998: rtl=748 golden=318 err=430
MISMATCH at sample 3999: rtl=394 golden=-81 err=475
MISMATCH at sample 4000: rtl=-38 golden=-474 err=436
MISMATCH at sample 4001: rtl=-451 golden=-781 err=330
MISMATCH at sample 4002: rtl=-779 golden=-858 err=79
MISMATCH at sample 4003: rtl=-932 golden=-870 err=62
MISMATCH at sample 4004: rtl=-891 golden=-561 err=330
MISMATCH at sample 4005: rtl=-650 golden=-243 err=407
MISMATCH at sample 4006: rtl=-320 golden=240 err=560
MISMATCH at sample 4007: rtl=125 golden=584 err=459
MISMATCH at sample 4008: rtl=473 golden=827 err=354
MISMATCH at sample 4009: rtl=698 golden=864 err=166
MISMATCH at sample 4010: rtl=749 golden=780 err=31
MISMATCH at sample 4011: rtl=579 golden=397 err=182
MISMATCH at sample 4012: rtl=365 golden=91 err=274
MISMATCH at sample 4013: rtl=-57 golden=-351 err=294
MISMATCH at sample 4014: rtl=-369 golden=-587 err=218
MISMATCH at sample 4015: rtl=-699 golden=-674 err=25
MISMATCH at sample 4016: rtl=-717 golden=-642 err=75
MISMATCH at sample 4017: rtl=-651 golden=-345 err=306
MISMATCH at sample 4018: rtl=-455 golden=5 err=460
MISMATCH at sample 4019: rtl=-110 golden=413 err=523
MISMATCH at sample 4020: rtl=239 golden=714 err=475
MISMATCH at sample 4021: rtl=533 golden=922 err=389
MISMATCH at sample 4022: rtl=679 golden=928 err=249
MISMATCH at sample 4023: rtl=631 golden=748 err=117
MISMATCH at sample 4024: rtl=415 golden=394 err=21
MISMATCH at sample 4025: rtl=127 golden=-39 err=166
MISMATCH at sample 4026: rtl=-258 golden=-452 err=194
MISMATCH at sample 4027: rtl=-611 golden=-780 err=169
MISMATCH at sample 4028: rtl=-804 golden=-933 err=129
MISMATCH at sample 4029: rtl=-883 golden=-892 err=9
MISMATCH at sample 4030: rtl=-672 golden=-651 err=21
MISMATCH at sample 4031: rtl=-405 golden=-321 err=84
MISMATCH at sample 4032: rtl=25 golden=125 err=100
MISMATCH at sample 4033: rtl=437 golden=473 err=36
MISMATCH at sample 4034: rtl=758 golden=698 err=60
MISMATCH at sample 4035: rtl=963 golden=749 err=214
MISMATCH at sample 4036: rtl=904 golden=579 err=325
MISMATCH at sample 4037: rtl=747 golden=365 err=382
MISMATCH at sample 4038: rtl=334 golden=-58 err=392
MISMATCH at sample 4039: rtl=-27 golden=-370 err=343
MISMATCH at sample 4040: rtl=-455 golden=-700 err=245
MISMATCH at sample 4041: rtl=-659 golden=-718 err=59
MISMATCH at sample 4042: rtl=-770 golden=-652 err=118
MISMATCH at sample 4043: rtl=-659 golden=-456 err=203
MISMATCH at sample 4044: rtl=-387 golden=-111 err=276
MISMATCH at sample 4045: rtl=-49 golden=239 err=288
MISMATCH at sample 4046: rtl=336 golden=533 err=197
MISMATCH at sample 4047: rtl=509 golden=679 err=170
MISMATCH at sample 4048: rtl=709 golden=631 err=78
MISMATCH at sample 4049: rtl=575 golden=415 err=160
MISMATCH at sample 4050: rtl=328 golden=127 err=201
MISMATCH at sample 4051: rtl=48 golden=-259 err=307
MISMATCH at sample 4052: rtl=-476 golden=-612 err=136
MISMATCH at sample 4053: rtl=-668 golden=-805 err=137
MISMATCH at sample 4054: rtl=-966 golden=-884 err=82
MISMATCH at sample 4055: rtl=-950 golden=-673 err=277
MISMATCH at sample 4056: rtl=-772 golden=-406 err=366
MISMATCH at sample 4057: rtl=-498 golden=25 err=523
MISMATCH at sample 4058: rtl=-4 golden=437 err=441
MISMATCH at sample 4059: rtl=297 golden=758 err=461
MISMATCH at sample 4060: rtl=667 golden=963 err=296
MISMATCH at sample 4061: rtl=729 golden=904 err=175
MISMATCH at sample 4062: rtl=703 golden=747 err=44
MISMATCH at sample 4063: rtl=406 golden=334 err=72
MISMATCH at sample 4064: rtl=36 golden=-28 err=64
MISMATCH at sample 4065: rtl=-296 golden=-456 err=160
MISMATCH at sample 4066: rtl=-629 golden=-660 err=31
MISMATCH at sample 4067: rtl=-730 golden=-771 err=41
MISMATCH at sample 4068: rtl=-678 golden=-660 err=18
MISMATCH at sample 4069: rtl=-474 golden=-388 err=86
MISMATCH at sample 4070: rtl=-41 golden=-50 err=9
MISMATCH at sample 4071: rtl=232 golden=336 err=104
MISMATCH at sample 4072: rtl=587 golden=509 err=78
MISMATCH at sample 4073: rtl=753 golden=709 err=44
MISMATCH at sample 4074: rtl=849 golden=575 err=274
MISMATCH at sample 4075: rtl=827 golden=328 err=499
MISMATCH at sample 4076: rtl=583 golden=48 err=535
MISMATCH at sample 4077: rtl=490 golden=-477 err=967
MISMATCH at sample 4078: rtl=261 golden=-669 err=930
MISMATCH at sample 4079: rtl=176 golden=-967 err=1143
MISMATCH at sample 4080: rtl=54 golden=-951 err=1005
MISMATCH at sample 4081: rtl=5 golden=-773 err=778
MISMATCH at sample 4082: rtl=0 golden=-499 err=499
MISMATCH at sample 4083: rtl=0 golden=-5 err=5
MISMATCH at sample 4084: rtl=0 golden=297 err=297
MISMATCH at sample 4085: rtl=0 golden=667 err=667
MISMATCH at sample 4086: rtl=0 golden=729 err=729
MISMATCH at sample 4087: rtl=0 golden=703 err=703
MISMATCH at sample 4088: rtl=0 golden=406 err=406
MISMATCH at sample 4089: rtl=0 golden=36 err=36
MISMATCH at sample 4090: rtl=0 golden=-297 err=297
MISMATCH at sample 4091: rtl=0 golden=-630 err=630
MISMATCH at sample 4092: rtl=0 golden=-731 err=731
MISMATCH at sample 4093: rtl=0 golden=-679 err=679
MISMATCH at sample 4094: rtl=0 golden=-475 err=475
MISMATCH at sample 4095: rtl=0 golden=-42 err=42
----------------------------------------
Simulation summary
Compared samples : 4096
Maximum abs error: 3838
Tolerance        : 1
Total mismatches : 4092
RESULT: FAIL
----------------------------------------
$finish called at time : 83 us : File "C:/Users/shova/Desktop/symmetric_FIR_Filter/test/symmetricFIR_tb.v" Line 238
